鄉鎮市區,租賃標的,土地區段位置或建物區門牌,租賃總面積平方公尺,都市土地使用分區,非都市土地使用分區,非都市土地使用編定,租賃年月日,租賃筆棟數,租賃層次,總樓層數,建物型態,主要用途,主要建材,建築完成年月,租賃總面積平方公尺,建物現況格局-房,建物現況格局-廳,建物現況格局-衛,建物現況格局-隔間,有無管理組織,有無附傢俱,總額元,單價每平方公尺,車位類別,租賃總面積平方公尺,租金總額元,備註,編號
大同區,建物,臺北市大同區太原路31~60號,0.0,商,,,1051116,土地0建物1車位0,見其他登記事項,3,公寓(5樓含以下無電梯),住商用,磚造,,250.36,0,0,0,無,無,無,135337,541,,0.0,0,,RPOOMLNKKILFFBA27CC
大同區,建物,臺北市大同區華陰街181~210號,0.0,商,,,1051116,土地0建物1車位0,見其他登記事項,3,公寓(5樓含以下無電梯),住家用,磚造,,218.19,0,0,0,無,無,無,178022,816,,0.0,0,,RPPOMLNKKILFFBA37CC
大同區,建物,臺北市大同區安西街1~30號,0.0,商,,,1051126,土地0建物1車位0,全,3,透天厝,,加強磚造,,128.85,2,3,2,有,無,無,30000,233,,0.0,0,,RPSOMLNKKILFFBA67CC
大安區,建物,臺北市大安區忠孝東路四段91~120號,0.0,商,,,1051114,土地0建物1車位0,見其他登記事項,12,店面(店鋪),住家用,鋼筋混凝土造,0581022,104.76,0,0,0,無,有,無,460000,4391,,0.0,0,租賃範圍:一樓西區部分,RPOOMLNKKILFFFA67CC
中山區,房地(土地+建物),臺北市中山區中原街31~60號,111.0,住,,,1051208,土地1建物1車位0,全,2,透天厝,,加強磚造,,176.3,0,0,0,無,無,無,60000,340,,0.0,0,,RPQNMLOKKILFFCA57CC
信義區,建物,臺北市信義區忠孝東路四段553巷22弄1~30號,0.0,住,,,1051201,土地0建物1車位0,見其他登記事項,5,公寓(5樓含以下無電梯),住商用,鋼筋混凝土造,,174.56,2,1,1,有,無,有,65000,372,,0.0,0,,RPWNMLPKKILFFDA38CC
中山區,建物,臺北市中山區中山北路二段61~90號,0.0,商,,,1051118,土地0建物1車位0,見其他登記事項,4,店面(店鋪),住商用,加強磚造,0560518,26.8,0,0,0,無,無,無,90000,3358,,0.0,0,租賃範圍:一樓部分，約三分之一面積,RPQQMLQKKILFFCA08CC
信義區,建物,臺北市信義區嘉興街151~180號,0.0,住,,,1051207,土地0建物1車位0,全,2,透天厝,,加強磚造,,143.02,0,0,0,無,無,無,48000,336,,0.0,0,,RPVNMLTKKILFFDA68CC
士林區,建物,臺北市士林區磺溪街50巷1~30號,76.0,住,,,1051216,土地0建物1車位0,全,2,透天厝,住家用,加強磚造,0540730,104.3,3,2,1,有,無,無,25000,240,,0.0,0,,RPOOMLLLKILFFEA47CC
萬華區,房地(土地+建物),臺北市萬華區中華路二段1~30號,70.99,商,,,1051207,土地1建物3車位0,見其他登記事項,7,店面(店鋪),商業用,鋼筋混凝土造,0690822,563.51,0,0,0,無,無,無,100000,177,,0.0,0,,RPUNMLMLKILFFBA77CC
大同區,建物,臺北市大同區太原路31~60號,0.0,商,,,1051116,土地0建物1車位0,見其他登記事項,4,公寓(5樓含以下無電梯),住商用,加強磚造,,497.4,0,0,0,無,無,無,156641,315,,0.0,0,"本案只承租2-4樓,有二位承租人",RPOPMLSLKILFFBA97CC
北投區,建物,臺北市北投區中和街301~330號,0.0,商,,,1051204,土地0建物0車位0,全,3,透天厝,住商用,加強磚造,0600416,125.76,3,2,2,有,無,有,26000,207,,0.0,0,承租部分面積,RPVOMLSLKILFFEA88CC
北投區,建物,臺北市北投區中和街錫安巷66弄1~30號,0.0,住,,,1051231,土地0建物1車位1,全,2,透天厝,住家用,鋼筋混凝土造,0831012,318.51,5,3,3,有,有,有,80000,251,一樓平面,0.0,0,,RPSNMLOJJHMFFEA77CC
萬華區,建物,臺北市萬華區德昌街1~30號,0.0,住,,,1051226,土地0建物1車位0,全,3,透天厝,住家用,加強磚造,0580501,233.24,0,0,0,無,無,無,65000,279,,0.0,0,,RPUOMLOJJHMFFBA77CC
中正區,建物,臺北市中正區中華路一段85巷1~30號,0.0,商,,,1051220,土地0建物1車位0,全,4,透天厝,,加強磚造,,294.23,0,0,0,無,無,無,67000,228,,0.0,0,含增建或未登記建物。,RPXNMLQJJHMFFBA28DC
中正區,建物,臺北市中正區延平南路151~180號,0.0,商,,,1051220,土地0建物2車位0,見其他登記事項,4,公寓(5樓含以下無電梯),,鋼筋混凝土造,,465.03,0,0,0,無,無,無,105500,227,,0.0,0,,RPOOMLQJJHMFFBA47DC
士林區,建物,臺北市士林區後街21巷31~60號,0.0,住,,,1051219,土地0建物1車位0,全,2,透天厝,住家用,磚造,0490916,58.7,2,1,2,有,無,無,20000,341,,0.0,0,,RPSOMLKKJHMFFEA57CC
中山區,建物,臺北市中山區長安東路二段1~30號,0.0,商,,,1051230,土地0建物1車位0,全,4,透天厝,住家用,鋼筋混凝土造,0600304,825.36,0,0,0,無,無,無,295000,357,,0.0,0,,RPSQMLMKJHMFFCA77CC
北投區,建物,臺北市北投區義理街63巷4弄1~30號,0.0,住,,,1051220,土地0建物1車位0,見其他登記事項,5,公寓(5樓含以下無電梯),住家用,鋼筋混凝土造,0780714,162.05,4,2,2,有,有,有,28500,176,,0.0,0,,RPROMLTKJHMFFEA38CC
南港區,房地(土地+建物),臺北市南港區興中路31~60號,32.0,商,,,1060120,土地1建物1車位0,見其他登記事項,1,公寓(5樓含以下無電梯),住家用,鋼筋混凝土造,0640722,115.2,0,0,0,無,無,有,45000,391,,0.0,0,,RPRRMLRJKHMFFDA38CC
中山區,建物,臺北市中山區錦州街421~450號,0.0,住,,,1060116,土地0建物2車位0,見其他登記事項,7,店面(店鋪),住家用,鋼筋混凝土造,0690405,262.25,0,0,0,無,無,無,210000,801,,0.0,0,"租金調整:第1-3年每月210,000元，第4-6年每月216,300元，第7-9年每月222,789元。地下室承租面積約102.48平方米",RPROMLTJKHMFFCA18CC
大安區,建物,臺北市大安區羅斯福路三段1~30號,0.0,,,,1060113,土地0建物1車位0,全,2,透天厝,見其他登記事項,見其他登記事項,1021104,192.84,0,0,0,無,無,無,123500,640,,0.0,0,,RPQNMLNKKHMFFFA77CC
中山區,房地(土地+建物),臺北市中山區新生北路二段133巷1~30號,197.0,住,,,1060124,土地2建物6車位0,見其他登記事項,6,公寓(5樓含以下無電梯),商業用,鋼筋混凝土造,0721229,892.21,0,0,0,無,無,有,250000,280,,0.0,0,每月租金25萬(含稅),RPXOMLPKKHMFFCA58DC
大同區,房地(土地+建物),臺北市大同區赤峰街1~30號,49.0,住,,,1060202,土地1建物1車位0,全,4,透天厝,住商用,鋼筋混凝土造,0720129,166.46,4,3,4,有,無,無,70000,421,,0.0,0,,RPSNMLQKKHMFFBA87CC
信義區,建物,臺北市信義區基隆路一段147巷5弄1~30號,0.0,住,,,1060220,土地0建物2車位0,見其他登記事項,5,店面(店鋪),商業用,鋼筋混凝土造,0841120,197.55,0,0,0,無,有,無,80000,405,,0.0,0,,RPSPMLMJLHMFFDA87CC
萬華區,建物,臺北市萬華區漢中街61~90號,0.0,商,,,1060209,土地0建物1車位0,見其他登記事項,4,店面(店鋪),,加強磚造,,329.75,0,0,2,有,無,無,980000,2972,,0.0,0,二樓做營業使用,RPPOMLTJLHMFFBA97CC
中山區,建物,臺北市中山區民生西路1~30號,0.0,商,,,1060215,土地0建物1車位0,見其他登記事項,4,店面(店鋪),住家用,加強磚造,,187.56,0,0,2,有,無,無,270000,1440,,0.0,0,二樓做營業使用,RPUPMLOKLHMFFCA28CC
中正區,建物,臺北市中正區漢口街一段31~60號,0.0,商,,,1060222,土地0建物1車位0,全,6,透天厝,,鋼筋混凝土造,,261.36,4,4,4,有,無,無,65000,249,,0.0,0,,RPXPMLLLLHMFFBA28CC
萬華區,建物,臺北市萬華區昆明街121~150號,0.0,商,,,1060313,土地0建物1車位0,全,2,透天厝,,木造,,59.87,0,0,0,無,無,無,36000,601,,0.0,0,,RPRQMLLLLHMFFBA77CC
南港區,建物,臺北市南港區南港路一段181~210號,0.0,工,,,1060310,土地0建物1車位18,見其他登記事項,11,辦公商業大樓,見其他登記事項,見其他登記事項,0971013,5617.92,0,0,0,無,有,有,2538390,452,坡道平面,0.0,67500,,RPROMLMLLHMFFDA87CC
中山區,房地(土地+建物),臺北市中山區民權東路二段61~90號,0.0,商,,,1060224,土地2建物1車位0,全,3,透天厝,,加強磚造,,75.03,3,3,3,有,無,無,125000,1666,,0.0,0,,RPTPMLMLLHMFFCA08CC
松山區,建物,臺北市松山區民族東路751~780號,0.0,住,,,1060331,土地0建物1車位0,見其他登記事項,7,華廈(10層含以下有電梯),見使用執照,鋼筋混凝土造,0691023,107.86999999999999,3,2,2,有,有,有,35000,324,,0.0,0,,RPQOMLKKMHMFFDA57CC
內湖區,建物,臺北市內湖區成功路四段31~60號,0.0,商,,,1060320,土地0建物1車位0,見其他登記事項,16,店面(店鋪),商業用,鋼筋混凝土造,0781107,1017.27,0,0,0,無,有,無,220000,216,,0.0,0,,RPPPMLNKMHMFFCA77CC
中山區,房地(土地+建物),臺北市中山區長春路61~90號,110.84,商,,,1060324,土地1建物5車位0,見其他登記事項,12,店面(店鋪),商業用,鋼筋混凝土造,0690201,980.14,0,0,0,無,有,無,430000,439,,0.0,0,,RPTRMLNKMHMFFCA38CC
中山區,房地(土地+建物),臺北市中山區長安東路一段1~30號,116.0,商,,,1060324,土地1建物1車位0,全,4,透天厝,,加強磚造,,364.79,0,0,0,無,無,無,150000,411,,0.0,0,,RPSPMLSKMHMFFCA58CC
中山區,建物,臺北市中山區中山北路二段20巷1~30號,0.0,商,,,1060330,土地0建物1車位0,見其他登記事項,5,店面(店鋪),住家用,鋼筋混凝土造,0660606,162.54,0,0,0,無,無,無,205000,1261,,0.0,0,租金調整:第1年每月20.5萬，第2年每月21萬，第3年每月21.5萬,RPPOMLPLMHMFFCA97CC
大同區,房地(土地+建物),臺北市大同區承德路一段1~30號,0.0,商,,,1060330,土地0建物1車位0,全,3,透天厝,住家用,磚造,,200.07,0,3,3,有,無,無,170000,850,,0.0,0,,RPTOMLPLMHMFFBA28CC
文山區,建物,臺北市文山區木柵路三段61~90號,0.0,商,,,1060412,土地0建物1車位0,見其他登記事項,2,店面(店鋪),商業用,加強磚造,0380101,213.04,0,0,0,無,無,無,130000,610,,0.0,0,二樓做營業使用,RPROMLQLMHMFFAA08CC
北投區,建物,臺北市北投區石牌路二段315巷1~30號,0.0,住,,,1060401,土地0建物1車位1,一層,11,住宅大樓(11層含以上有電梯),住家用,鋼筋混凝土造,0980622,202.85,4,2,2,有,有,有,53000,261,坡道平面,28.97,0,,RPOPMLLJNHMFFEA67CC
中正區,建物,臺北市中正區中華路一段1~30號,0.0,商,,,1060420,土地0建物1車位0,十四層,15,住宅大樓(11層含以上有電梯),住家用,鋼筋混凝土造,1041214,57.309999999999995,1,1,1,有,有,有,31000,541,,0.0,0,租金包含大樓管理費,RPWNMLLJNHMFFBA97CC
萬華區,建物,臺北市萬華區西園路二段225巷1~30號,0.0,,,,1060502,土地0建物1車位0,四層,5,公寓(5樓含以下無電梯),住家用,鋼筋混凝土造,0741023,72.51,3,2,1,有,無,有,15000,207,,0.0,0,,RPROMLMJNHMFFBA67CC
中正區,建物,臺北市中正區杭州南路一段77巷1~30號,24.97,住,,,1060501,土地0建物1車位0,三層,7,華廈(10層含以下有電梯),住家用,鋼筋混凝土造,1050418,96.46,1,2,1,有,有,有,69000,715,,0.0,0,,RPUOMLMJNHMFFBA97CC
大同區,建物,臺北市大同區萬全街1~30號,0.0,商,,,1060405,土地0建物1車位0,九層,15,住宅大樓(11層含以上有電梯),住家用,鋼筋混凝土造,1041016,82.47,2,2,1,有,有,有,55000,667,,0.0,0,,RPXOMLMJNHMFFBA28CC
松山區,房地(土地+建物),臺北市松山區光復北路1~30號,15.21,商,,,1060426,土地9建物1車位0,二層,12,住宅大樓(11層含以上有電梯),商業用,鋼筋混凝土造,0780216,136.77,0,1,1,有,有,無,35000,256,,0.0,0,,RPVNMLMJNHMFFDA18CC
松山區,建物,臺北市松山區延壽街402巷4弄1~30號,0.0,住,,,1060428,土地0建物1車位0,一層,5,公寓(5樓含以下無電梯),住家用,鋼筋混凝土造,,99.77,3,2,2,有,無,有,39000,391,,0.0,0,,RPXNMLMJNHMFFDA38CC
松山區,建物,臺北市松山區敦化北路151~180號,0.0,其他,,,1060410,土地0建物0車位0,十層,19,辦公商業大樓,商業用,鋼骨混凝土造,0781125,251.81,0,0,0,無,有,無,156800,623,,0.0,0,,RPROMLMJNHMFFDA87CC
信義區,建物,臺北市信義區光復南路541~570號,0.0,商,,,1060501,土地0建物1車位0,十三層,18,住宅大樓(11層含以上有電梯),住家用,見其他登記事項,0970822,42.98,1,1,1,有,有,有,30000,698,,0.0,0,,RPSOMLMJNHMFFDA97CC
松山區,建物,臺北市松山區南京東路四段151~180號,0.0,商,,,1060501,土地0建物1車位0,三層,12,住宅大樓(11層含以上有電梯),商業用,鋼筋混凝土造,0720401,50.449999999999996,2,1,1,有,無,有,26500,525,,0.0,0,,RPOPMLMJNHMFFDA67CC
中山區,建物,臺北市中山區新生北路二段61~90號,0.0,商,,,1060411,土地0建物1車位0,十二層,12,住宅大樓(11層含以上有電梯),住家用,鋼筋混凝土造,0970925,35.34,1,1,1,有,有,有,19400,549,,0.0,0,,RPUNMLMJNHMFFCA97CC
中山區,建物,臺北市中山區民權東路三段75巷2弄1~30號,0.0,住,,,1060412,土地0建物1車位0,四層,4,公寓(5樓含以下無電梯),住家用,鋼筋混凝土造,0660121,130.05,3,2,2,有,無,無,60000,461,,0.0,0,,RPVNMLMJNHMFFCA08CC
中山區,建物,臺北市中山區錦州街331~360號,0.0,住,,,1060501,土地0建物1車位0,一層,7,華廈(10層含以下有電梯),商業用,鋼筋混凝土造,0730524,59.32,0,0,0,無,有,無,50000,843,,0.0,0,,RPQOMLMJNHMFFCA67CC
中山區,建物,臺北市中山區復興北路331~360號,0.0,住,,,1060401,土地0建物1車位0,六層,7,華廈(10層含以下有電梯),住家用,鋼筋混凝土造,0780317,102.3,2,2,1,有,有,有,28000,274,,0.0,0,,RPSOMLMJNHMFFCA87CC
中山區,建物,臺北市中山區中山北路二段59巷1~30號,0.0,商,,,1060413,土地0建物1車位0,九層,9,華廈(10層含以下有電梯),住家用,鋼筋混凝土造,1041127,142.78,3,2,2,有,有,有,110000,770,,0.0,0,,RPOPMLMJNHMFFCA57CC
內湖區,建物,臺北市內湖區文德路210巷30弄31~60號,0.0,住,,,1060421,土地0建物1車位0,一層,5,公寓(5樓含以下無電梯),見使用執照,鋼筋混凝土造,0730630,160.02,0,0,0,無,無,無,38000,237,,0.0,0,,RPTPMLMJNHMFFCA08CC
內湖區,建物,臺北市內湖區成功路三段174巷31~60號,0.0,住,,,1060419,土地0建物1車位0,一層,12,住宅大樓(11層含以上有電梯),見其他登記事項,鋼筋混凝土造,1031023,73.32,0,0,1,有,有,有,45000,614,,0.0,0,登記1+2樓僅出租一樓,RPUPMLMJNHMFFCA18CC
中山區,建物,臺北市中山區中山北路一段61~90號,0.0,商,,,1060428,土地0建物1車位0,二層,13,套房(1房1廳1衛),商業用,鋼筋混凝土造,0980327,44.54,0,0,0,無,有,有,25000,561,,0.0,0,,RPXPMLMJNHMFFCA48CC
中山區,建物,臺北市中山區錦州街151~180號,0.0,商,,,1060405,土地0建物1車位0,一層,4,店面(店鋪),住家用,加強磚造,,83.73,0,1,1,有,無,有,33000,394,,0.0,0,,RPSQMLMJNHMFFCA08CC
中山區,建物,臺北市中山區松江路121~150號,0.0,商,,,1060402,土地0建物1車位0,四層,12,辦公商業大樓,商業用,鋼筋混凝土造,0750926,189.37,0,0,0,無,無,有,108832,575,,0.0,0,,RPUQMLMJNHMFFCA28CC
士林區,建物,臺北市士林區東山路25巷51弄1~30號,0.0,住,,,1060301,土地0建物1車位0,全,2,透天厝,住家用,加強磚造,0590815,438.1,5,2,5,有,無,有,260000,593,,0.0,0,,RPOOMLMJNHMFFEA67CC
大安區,建物,臺北市大安區敦化南路一段241~270號,0.0,其他,,,1060401,土地0建物1車位1,十四層,14,辦公商業大樓,住家用,鋼筋混凝土造,0710610,206.73000000000002,4,3,4,有,有,無,168000,813,坡道平面,0.0,0,,RPWNMLMJNHMFFFA48CC
大安區,建物,臺北市大安區敦化南路二段121~150號,0.0,其他,,,1060401,土地0建物1車位0,二層,16,住宅大樓(11層含以上有電梯),住家用,鋼筋混凝土造,,168.95999999999998,1,3,1,有,無,無,65000,385,,0.0,0,,RPOOMLMJNHMFFFA77CC
中正區,建物,臺北市中正區汀洲路三段211~240號,0.0,商,,,1060322,土地0建物1車位0,一層,7,店面(店鋪),商業用,鋼筋混凝土造,0701119,73.89,0,0,0,無,有,無,150000,2030,,0.0,0,,RPRNMLMJNHMFFAA47CC
中正區,建物,臺北市中正區同安街1~30號,0.0,住,,,1060408,土地0建物1車位0,二層,7,華廈(10層含以下有電梯),住家用,鋼筋混凝土造,1001110,67.48,2,2,2,有,無,有,40000,593,,0.0,0,,RPXNMLMJNHMFFAA08CC
大安區,房地(土地+建物),臺北市大安區基隆路二段121~150號,10.62,住,,,1060501,土地1建物1車位0,五層,12,住宅大樓(11層含以上有電梯),商業用,鋼筋混凝土造,0700716,103.63,3,2,2,有,有,有,35000,338,,0.0,0,,RPTOMLNJNHMFFFA48DC
大安區,建物,臺北市大安區青田街12巷1~30號,0.0,住,,,1060401,土地0建物1車位0,一層,4,公寓(5樓含以下無電梯),住家用,鋼筋混凝土造,,115.02,3,2,2,有,無,有,50000,435,,0.0,0,租賃期間為六年又五十天，因欄位只有到月，故在此備註。,RPUNMLNJNHMFFFA38CC
大安區,建物,臺北市大安區光復南路200巷1~30號,0.0,商,,,1060401,土地0建物0車位0,一層,6,店面(店鋪),住家用,鋼筋混凝土造,,64.26,0,0,1,有,無,有,100000,1556,,0.0,0,,RPWNMLNJNHMFFFA58CC
大安區,建物,臺北市大安區安居街1~30號,0.0,住,,,1060401,土地0建物1車位0,五層,7,華廈(10層含以下有電梯),住家用,鋼筋混凝土造,0711029,79.33,2,2,1,有,有,有,21500,271,,0.0,0,,RPSOMLNJNHMFFFA28CC
大安區,建物,臺北市大安區潮州街151~180號,0.0,住,,,1060401,土地0建物0車位0,一層,7,店面(店鋪),住家用,鋼筋混凝土造,,82.66,0,0,0,無,無,有,60000,726,,0.0,0,承租一樓靠北側部份，約25坪。,RPUOMLNJNHMFFFA48CC
士林區,建物,臺北市士林區士東路266巷15弄1~30號,623.26,住,,,1060401,土地0建物1車位1,十層,15,住宅大樓(11層含以上有電梯),住家用,鋼筋混凝土造,0971229,376.19,5,2,3,有,有,有,149360,397,坡道平面,37.85,0,,RPQNMLNJNHMFFEA87CC
士林區,建物,臺北市士林區德行西路62巷1~30號,0.0,住,,,1060401,土地0建物1車位0,全,2,透天厝,住家用,加強磚造,0601124,158.7,0,0,0,無,無,無,46000,290,,0.0,0,,RPVNMLNJNHMFFEA38CC
士林區,建物,臺北市士林區忠誠路一段181~210號,0.0,住,,,1060401,土地0建物1車位0,一層,10,華廈(10層含以下有電梯),商業用,鋼筋混凝土造,0830602,157.78,0,0,0,無,有,無,60000,380,,0.0,0,,RPXNMLNJNHMFFEA58CC
士林區,建物,臺北市士林區忠誠路一段1~30號,0.0,住,,,1060401,土地0建物1車位0,一層,14,店面(店鋪),見其他登記事項,鋼筋混凝土造,0941228,100.58,0,1,0,有,有,無,115352,1147,,0.0,0,,RPOOMLNJNHMFFEA77CC
士林區,建物,臺北市士林區忠誠路一段1~30號,0.0,住,,,1060401,土地0建物1車位0,一層,14,店面(店鋪),見其他登記事項,鋼筋混凝土造,0941228,82.5,0,1,0,有,有,無,94648,1147,,0.0,0,,RPQOMLNJNHMFFEA97CC
內湖區,建物,臺北市內湖區內湖路三段343巷3弄1~30號,0.0,住,,,1060426,土地0建物1車位0,四層,5,公寓(5樓含以下無電梯),住家用,鋼筋混凝土造,0690603,86.46,3,2,1,有,無,無,20000,231,,0.0,0,,RPUNMLNJNHMFFCA08CC
中山區,建物,臺北市中山區民權東路一段31~60號,0.0,商,,,1060415,土地0建物1車位2,九層,10,辦公商業大樓,商業用,鋼筋混凝土造,0890630,167.44,3,0,0,有,有,無,90000,538,升降機械,0.0,0,,RPUOMLNJNHMFFCA18CC
內湖區,車位,臺北市內湖區內湖路二段331~360號,41.56,住,,,1060429,土地0建物0車位1,,,其他,,,,0.0,0,0,0,有,有,無,4000,,坡道平面,41.56,4000,,RPVOMLNJNHMFFCA28CC
內湖區,建物,臺北市內湖區南京東路六段151~180號,0.0,,,,1060426,土地0建物1車位0,三層,6,華廈(10層含以下有電梯),住家用,鋼筋混凝土造,1040105,221.2,4,2,2,有,無,有,50000,226,,0.0,0,,RPOPMLNJNHMFFCA67CC
內湖區,房地(土地+建物),臺北市內湖區文德路91~120號,33.65,住,,,1060428,土地1建物1車位0,四層,5,公寓(5樓含以下無電梯),住家用,鋼筋混凝土造,0730111,115.8,3,2,2,有,無,有,25000,216,,0.0,0,,RPPPMLNJNHMFFCA77CC
中山區,建物,臺北市中山區新生北路二段68巷1~30號,0.0,商,,,1060403,土地0建物1車位0,七層,13,住宅大樓(11層含以上有電梯),住家用,鋼筋混凝土造,0971229,52.739999999999995,1,1,1,有,有,有,30000,569,,0.0,0,,RPTPMLNJNHMFFCA18CC
中山區,建物,臺北市中山區中山北路二段121~150號,0.0,商,,,1060405,土地0建物1車位0,六層,14,辦公商業大樓,商業用,鋼骨鋼筋混凝土造,0930319,217.74,0,0,0,無,有,無,120000,551,,0.0,0,,RPSQMLNJNHMFFCA18CC
信義區,建物,臺北市信義區忠孝東路五段481~510號,0.0,其他,,,1060328,土地0建物1車位0,二層,28,辦公商業大樓,商業用,鋼骨混凝土造,0820813,65.6,1,0,0,無,有,有,29515,450,,0.0,0,續約,RPRNMLNJNHMFFDA87CC
信義區,建物,臺北市信義區信義路五段91~120號,0.0,,,,961228,土地0建物1車位0,三層,27,住宅大樓(11層含以上有電梯),住家用,鋼骨鋼筋混凝土造,0961228,229.8,3,2,2,有,有,有,93000,405,坡道平面,66.64,0,,RPSNMLNJNHMFFDA97CC
信義區,建物,臺北市信義區基隆路一段380巷1~30號,0.0,商,,,1060502,土地0建物1車位0,六層,12,住宅大樓(11層含以上有電梯),見其他登記事項,鋼筋混凝土造,,103.91,3,2,1,有,有,無,20000,192,,0.0,0,,RPTNMLNJNHMFFDA08CC
信義區,房地(土地+建物)+車位,臺北市信義區市民大道六段301~330號,324.42,商,,,1060323,土地2建物1車位3,一層,16,店面(店鋪),見其他登記事項,鋼筋混凝土造,1031227,549.71,0,0,0,無,有,無,330000,600,坡道平面,114.0,0,,RPUNMLNJNHMFFDA18CC
松山區,建物,臺北市松山區光復北路91~120號,0.0,商,,,1060405,土地0建物1車位0,二層,11,住宅大樓(11層含以上有電梯),住家用,鋼筋混凝土造,0660505,59.42,1,1,1,有,有,無,15000,252,,0.0,0,,RPROMLNJNHMFFDA97CC
信義區,建物,臺北市信義區忠孝東路四段481~510號,0.0,住,,,1060410,土地0建物1車位0,八層,10,華廈(10層含以下有電梯),住家用,鋼筋混凝土造,,166.65,3,2,2,有,有,無,50000,300,,0.0,0,,RPTOMLNJNHMFFDA18CC
松山區,建物,臺北市松山區民生東路五段69巷1弄1~30號,0.0,其他,,,1060429,土地0建物1車位0,四層,4,公寓(5樓含以下無電梯),住家用,鋼筋混凝土造,0620301,102.56,3,2,2,有,無,無,33500,327,,0.0,0,,RPUOMLNJNHMFFDA28CC
中正區,建物,臺北市中正區館前路1~30號,0.0,商,,,1060411,土地0建物1車位0,七層,10,辦公商業大樓,商業用,鋼筋混凝土造,0620303,288.66,0,0,0,無,有,無,180000,624,,0.0,0,,RPQNMLNJNHMFFBA57CC
中正區,建物,臺北市中正區中華路一段61~90號,0.0,商,,,1060417,土地0建物1車位1,四層,14,住宅大樓(11層含以上有電梯),見使用執照,鋼骨鋼筋混凝土造,0920430,145.46,3,0,1,有,有,無,90816,624,升降機械,0.0,0,"本戶承租四樓之一部份面積,含公設約44坪",RPRNMLNJNHMFFBA67CC
大同區,建物,臺北市大同區長安西路91~120號,0.0,商,,,1060418,土地0建物1車位0,十層,12,辦公商業大樓,商業用,鋼筋混凝土造,0880809,274.37,4,0,0,有,有,無,147000,536,,0.0,0,"本戶承租十樓之3部份及十樓之5全部,合計承租面積83坪.",RPSNMLNJNHMFFBA77CC
大同區,建物,臺北市大同區延平北路一段66巷1~30號,0.0,,,,1060410,土地0建物1車位0,二層,7,華廈(10層含以下有電梯),住家用,鋼筋混凝土造,1030110,145.38,3,2,2,有,有,有,45000,310,,0.0,0,,RPUNMLNJNHMFFBA97CC
中正區,建物,臺北市大同區市民大道一段211~240號,0.0,其他,,,1060427,土地0建物1車位0,十四層,16,套房(1房1廳1衛),見其他登記事項,見其他登記事項,0980724,50.86,0,0,0,無,有,有,28000,551,,0.0,0,租金2.8萬(含稅),RPPOMLNJNHMFFBA57CC
大同區,建物,臺北市大同區承德路三段90巷1~30號,0.0,住,,,1060407,土地0建物2車位0,見其他登記事項,4,公寓(5樓含以下無電梯),住家用,鋼筋混凝土造,0620904,184.26,0,0,0,無,無,無,50000,271,,0.0,0,,RPSOMLNJNHMFFBA87CC
大同區,建物,臺北市大同區南京西路18巷1~30號,0.0,商,,,1060419,土地0建物1車位0,四層,9,華廈(10層含以下有電梯),見其他登記事項,鋼筋混凝土造,1001129,73.3,2,1,1,有,無,有,57880,790,,0.0,0,起租日為106年4月23日,RPTNMLOJNHMFFBA97CC
大同區,建物,臺北市大同區市民大道一段181~210號,0.0,其他,,,1060407,土地0建物1車位0,十七層,18,住宅大樓(11層含以上有電梯),住家用,見其他登記事項,0980724,106.64,2,2,1,有,有,有,67000,628,,0.0,0,,RPPPMLOJNHMFFBA77CC
大同區,建物,臺北市大同區市民大道一段181~210號,0.0,其他,,,1060408,土地0建物1車位0,十層,18,住宅大樓(11層含以上有電梯),住家用,見其他登記事項,0980724,78.0,2,1,1,有,有,有,50000,641,,0.0,0,,RPQPMLOJNHMFFBA87CC
大同區,建物,臺北市大同區南京西路271~300號,0.0,商,,,1060422,土地0建物1車位0,五層,13,住宅大樓(11層含以上有電梯),商業用,鋼筋混凝土造,0891118,37.97,1,1,1,有,有,有,15000,395,,0.0,0,,RPRPMLOJNHMFFBA97CC
大同區,建物,臺北市大同區市民大道一段181~210號,0.0,其他,,,1060425,土地0建物1車位0,十三層,18,住宅大樓(11層含以上有電梯),住家用,見其他登記事項,0980724,92.43,2,2,1,有,有,有,50000,541,,0.0,0,含管理費。,RPUPMLOJNHMFFBA28CC
大同區,建物,臺北市大同區市民大道一段181~210號,0.0,其他,,,1060427,土地0建物1車位1,十三層,18,住宅大樓(11層含以上有電梯),住家用,見其他登記事項,0980724,107.99000000000001,2,2,1,有,有,有,50000,463,坡道平面,0.0,0,租金含管理費。,RPVPMLOJNHMFFBA38CC
松山區,建物,臺北市松山區八德路三段91~120號,0.0,商,,,1060429,土地0建物1車位0,九層,11,住宅大樓(11層含以上有電梯),商業用,鋼筋混凝土造,0670616,54.35,2,2,1,有,有,有,15000,276,,0.0,0,,RPQNMLOJNHMFFDA87CC
信義區,建物,臺北市信義區信義路四段395巷6弄1~30號,0.0,商,,,1060412,土地0建物1車位0,四層,11,住宅大樓(11層含以上有電梯),見其他登記事項,鋼筋混凝土造,0931230,32.24,1,1,1,有,有,有,21245,659,,0.0,0,,RPOOMLOJNHMFFDA77CC
信義區,建物,臺北市信義區吳興街350巷1~30號,0.0,住,,,1060421,土地0建物1車位0,一層,5,公寓(5樓含以下無電梯),住家用,鋼筋混凝土造,0731101,132.97,3,4,1,有,無,有,38888,292,,0.0,0,租金含稅價,RPPOMLOJNHMFFDA87CC
松山區,建物,臺北市松山區八德路三段121~150號,0.0,商,,,1060501,土地0建物1車位0,一層,4,店面(店鋪),住商用,鋼筋混凝土造,,96.75,0,0,0,無,無,無,87000,899,,0.0,0,,RPROMLOJNHMFFDA08CC
松山區,建物,臺北市松山區八德路二段331~360號,0.0,商,,,1060410,土地0建物1車位0,四層,14,住宅大樓(11層含以上有電梯),住家用,鋼筋混凝土造,0980123,49.01,1,2,1,有,有,有,31680,646,,0.0,0,,RPWOMLOJNHMFFDA58CC
內湖區,建物,臺北市內湖區內湖路三段31~60號,39.82,住,,,1060429,土地0建物1車位0,一層,7,華廈(10層含以下有電梯),商業用,鋼筋混凝土造,0740228,228.84,0,0,0,無,無,無,80000,350,,0.0,0,,RPPNMLOJNHMFFCA67CC
中山區,建物,臺北市中山區中山北路二段93巷1~30號,0.0,商,,,1060421,土地0建物1車位0,六層,12,住宅大樓(11層含以上有電梯),商業用,鋼筋混凝土造,0940803,42.620000000000005,1,1,1,有,無,有,26719,627,,0.0,0,起租日為106年5月12日,RPQNMLOJNHMFFCA77CC
內湖區,建物,臺北市內湖區民權東路六段123巷34弄1~30號,11.17,住,,,1060428,土地0建物1車位0,六層,13,住宅大樓(11層含以上有電梯),商業用,鋼筋混凝土造,0970429,92.0,2,2,1,有,有,無,28000,304,,0.0,0,,RPRNMLOJNHMFFCA87CC
中山區,建物,臺北市中山區民權東路一段1~30號,0.0,商,,,1060421,土地0建物1車位1,六層,16,住宅大樓(11層含以上有電梯),住家用,見其他登記事項,1040623,220.76,4,2,2,有,有,有,120000,544,坡道平面,47.52,0,,RPOOMLOJNHMFFCA67CC
中山區,建物,臺北市中山區新生北路三段1~30號,0.0,住,,,1060410,土地0建物1車位0,十二層,12,住宅大樓(11層含以上有電梯),商業用,鋼筋混凝土造,0950209,46.05,2,2,1,有,有,有,27000,586,,0.0,0,,RPQOMLOJNHMFFCA87CC
中山區,建物,臺北市中山區雙城街19巷1~30號,0.0,商,,,1060419,土地0建物1車位0,三層,14,住宅大樓(11層含以上有電梯),住家用,鋼筋混凝土造,0970312,33.34,1,1,1,有,有,有,24974,749,,0.0,0,租金含稅價,RPROMLOJNHMFFCA97CC
中山區,建物,臺北市中山區樂群二路271~300號,0.0,其他,,,1060407,土地0建物1車位1,五層,11,套房(1房1廳1衛),商業用,鋼筋混凝土造,0970603,71.75,1,1,1,有,有,無,25000,348,坡道機械,18.98,0,,RPSOMLOJNHMFFCA08CC
內湖區,房地(土地+建物),臺北市內湖區瑞光路1~30號,0.0,其他,,,1060410,土地1建物1車位0,二層,7,華廈(10層含以下有電梯),見其他登記事項,鋼筋混凝土造,1031211,92.86,0,0,0,無,有,無,25200,271,,0.0,0,,RPUOMLOJNHMFFCA28CC
中山區,建物,臺北市中山區堤頂大道二段481~510號,0.0,其他,,,1060425,土地0建物1車位0,四層,10,華廈(10層含以下有電梯),商業用,鋼筋混凝土造,0991201,103.69999999999999,2,2,1,有,有,有,55000,530,,0.0,0,租金含第四台及網路費用。,RPUPMLOJNHMFFCA38CC
內湖區,房地(土地+建物),臺北市內湖區堤頂大道二段271~300號,812.34,工,,,1060427,土地1建物2車位0,五層,10,廠辦,工業用,鋼筋混凝土造,0980116,694.2,0,0,0,無,有,無,270000,389,,0.0,0,,RPWPMLOJNHMFFCA58CC
中山區,房地(土地+建物),臺北市中山區明水路397巷1~30號,19.64,住,,,1060428,土地1建物1車位0,一層,7,華廈(10層含以下有電梯),商業用,鋼筋混凝土造,0881002,86.88,0,0,0,無,無,有,30000,345,,0.0,0,,RPQQMLOJNHMFFCA08CC
北投區,建物,臺北市北投區中央南路二段1~30號,0.0,工,,,1060501,土地0建物1車位0,七層,19,住宅大樓(11層含以上有電梯),見其他登記事項,鋼筋混凝土造,1040828,89.27,0,0,0,無,無,有,21000,235,,0.0,0,,RPRNMLOJNHMFFEA08CC
北投區,建物,臺北市北投區磺港路121~150號,0.0,住,,,1060401,土地0建物1車位2,四層,14,住宅大樓(11層含以上有電梯),住家用,鋼筋混凝土造,1030619,227.37,2,2,3,有,有,有,36400,160,坡道平面,0.0,0,,RPVNMLOJNHMFFEA48CC
士林區,建物,臺北市士林區天母東路31~60號,0.0,商,,,1060401,土地0建物1車位0,二層,7,華廈(10層含以下有電梯),住家用,鋼筋混凝土造,0761105,182.77,0,1,1,有,無,無,50000,274,,0.0,0,,RPWNMLOJNHMFFEA58CC
士林區,建物,臺北市士林區中山北路六段441巷31~60號,0.0,住,,,1060401,土地0建物1車位2,五層,15,住宅大樓(11層含以上有電梯),住家用,鋼骨鋼筋混凝土造,0970715,305.28,3,2,2,有,有,無,200000,655,坡道平面,0.0,0,,RPPOMLOJNHMFFEA97CC
北投區,建物,臺北市北投區裕民二路61~90號,0.0,商,,,1060401,土地0建物1車位0,十四層,19,住宅大樓(11層含以上有電梯),見其他登記事項,鋼筋混凝土造,1021108,100.11,2,1,1,有,無,有,60000,599,,0.0,0,,RPSOMLOJNHMFFEA28CC
士林區,建物,臺北市士林區德行東路284巷1~30號,0.0,住,,,1060401,土地0建物1車位0,一層,5,店面(店鋪),商業用,鋼筋混凝土造,0720531,128.28,3,2,2,有,無,無,33000,257,,0.0,0,,RPTOMLOJNHMFFEA38CC
士林區,建物,臺北市士林區中山北路六段157巷1~30號,0.0,工,,,1060401,土地0建物1車位0,十一層,15,住宅大樓(11層含以上有電梯),見其他登記事項,鋼筋混凝土造,0971002,102.87,2,2,1,有,有,有,67000,651,,0.0,0,租金含管理費、網路、第四台及IP電視費用。,RPWOMLOJNHMFFEA68CC
北投區,建物,臺北市北投區立農街一段22巷2弄1~30號,0.0,住,,,1060501,土地0建物1車位0,二層,4,公寓(5樓含以下無電梯),住家用,鋼筋混凝土造,0611108,83.25,3,2,1,有,無,有,18000,216,,0.0,0,,RPXOMLOJNHMFFEA78CC
大安區,建物,臺北市大安區敦化南路一段181~210號,0.0,其他,,,1060401,土地0建物1車位0,五層,12,住宅大樓(11層含以上有電梯),住家用,鋼筋混凝土造,,38.03,1,1,1,有,有,有,21000,552,,0.0,0,,RPRNMLOJNHMFFFA18CC
大安區,建物,臺北市大安區和平東路二段118巷54弄31~60號,0.0,住,,,1060401,土地0建物1車位0,三層,4,公寓(5樓含以下無電梯),住家用,鋼筋混凝土造,0580710,90.59,3,2,2,有,無,無,25000,276,,0.0,0,,RPSNMLOJNHMFFFA28CC
大安區,建物,臺北市大安區安和路一段49巷1~30號,0.0,住,,,1060401,土地0建物1車位0,一層,7,華廈(10層含以下有電梯),住家用,鋼筋混凝土造,0650210,150.97,0,0,0,無,有,無,108000,715,,0.0,0,,RPWNMLOJNHMFFFA68CC
大安區,建物,臺北市大安區忠孝東路三段251巷7弄1~30號,0.0,住,,,1060401,土地0建物1車位0,一層,4,店面(店鋪),住家用,加強磚造,,68.94,0,0,1,有,無,有,62436,906,,0.0,0,,RPOOMLOJNHMFFFA97CC
大安區,建物,臺北市大安區光復南路601~630號,0.0,,,,1060301,土地0建物1車位0,六層,12,辦公商業大樓,商業用,鋼筋混凝土造,0741227,131.99,4,2,2,有,有,有,42000,318,,0.0,0,,RPPOMLOJNHMFFFA08CC
大安區,建物,臺北市大安區新生南路三段91~120號,0.0,商,,,1060401,土地0建物1車位0,一層,4,店面(店鋪),住家用,鋼筋混凝土造,,35.18,0,0,0,無,無,有,75000,2132,,0.0,0,,RPQOMLOJNHMFFFA18CC
大安區,建物,臺北市大安區金山南路二段211~240號,0.0,商,,,1060401,土地0建物1車位0,三層,38,住宅大樓(11層含以上有電梯),住家用,見其他登記事項,1031224,73.78,1,1,1,有,有,有,33423,453,,0.0,0,,RPTOMLOJNHMFFFA48CC
大安區,建物,臺北市大安區延吉街151~180號,0.0,商,,,1060501,土地0建物1車位0,一層,7,店面(店鋪),商業用,鋼筋混凝土造,0710813,44.92,0,0,0,無,有,無,67000,1492,,0.0,0,出租範圍為部分，約10坪,RPUOMLOJNHMFFFA58CC
大安區,建物,臺北市大安區復興南路二段193巷1~30號,0.0,商,,,1060401,土地0建物1車位0,十二層,12,住宅大樓(11層含以上有電梯),住家用,鋼筋混凝土造,1040508,129.86,3,2,2,有,有,有,90000,693,,0.0,0,,RPWOMLOJNHMFFFA78CC
內湖區,建物,臺北市內湖區瑞光路358巷30弄1~30號,0.0,工,,,1060502,土地0建物1車位0,八層,8,廠辦,見其他登記事項,鋼筋混凝土造,1040828,375.17,0,0,0,無,有,無,124500,444,升降機械,115.91,9500,車位4個,RPOQMLOJNHMFFCA97DC
大同區,建物,臺北市大同區酒泉街31~60號,0.0,商,,,1060424,土地0建物8車位0,全,4,透天厝,住工用,鋼筋混凝土造,,686.0,0,0,4,有,無,無,270000,394,,0.0,0,租金實拿，不含代扣繳及二代健保。,RPWNMLOJNHMFFBA38DC
中正區,建物,臺北市中正區汀州路二段211~240號,100.0,住,,,1060421,土地0建物1車位0,一層,3,店面(店鋪),,加強磚造,,80.73,0,0,0,無,無,無,40000,495,,0.0,0,,RPXNMLOJNHMFFAA28CC
中正區,建物,臺北市中正區泉州街9巷1~30號,0.0,住,,,1060414,土地0建物1車位0,四層,5,公寓(5樓含以下無電梯),住家用,鋼筋混凝土造,1011206,91.09,3,2,2,有,無,無,32000,351,,0.0,0,,RPQNMLPJNHMFFAA67CC
文山區,建物,臺北市文山區汀洲路四段181~210號,0.0,住,,,1060405,土地0建物1車位0,十九層,22,住宅大樓(11層含以上有電梯),住家用,鋼筋混凝土造,1000113,179.33,3,2,2,有,有,有,66000,368,,0.0,0,,RPRNMLPJNHMFFAA77CC
中正區,房地(土地+建物),臺北市中正區羅斯福路三段210巷1~30號,21.75,住,,,1060414,土地1建物1車位0,一層,4,公寓(5樓含以下無電梯),住家用,加強磚造,0580110,63.2,2,2,1,有,無,無,25000,396,,0.0,0,,RPTOMLPJNHMFFAA08CC
中山區,建物,臺北市中山區松江路271~300號,0.0,商,,,1060324,土地0建物1車位0,七層,7,辦公商業大樓,住家用,鋼筋混凝土造,0711220,132.58,0,0,0,無,有,無,43000,324,,0.0,0,,RPOOMLPJNHMFFCA87DC
中山區,建物,臺北市中山區松江路151~180號,0.0,商,,,1060413,土地0建物1車位0,八層,12,辦公商業大樓,商業用,鋼筋混凝土造,0680119,194.64,0,0,0,無,有,無,90000,462,,0.0,0,,RPQOMLPJNHMFFCA08DC
中山區,建物,臺北市中山區民權西路31~60號,0.0,商,,,1060417,土地0建物1車位0,十二層,12,辦公商業大樓,住家用,鋼筋混凝土造,0691231,78.89,0,0,0,無,有,無,30650,389,,0.0,0,,RPWOMLPJNHMFFCA68DC
中山區,建物,臺北市中山區松江路181~210號,0.0,商,,,1060428,土地0建物1車位0,九層,14,辦公商業大樓,商業用,鋼筋混凝土造,0671219,228.82,0,0,0,無,有,無,78000,341,,0.0,0,,RPQPMLPJNHMFFCA18DC
中山區,建物,臺北市中山區南京東路一段61~90號,0.0,商,,,1060428,土地0建物1車位0,六層,11,辦公商業大樓,商業用,鋼筋混凝土造,0651210,67.42,0,0,0,無,有,無,30000,445,,0.0,0,,RPSPMLPJNHMFFCA38DC
信義區,建物,臺北市信義區忠孝東路五段481~510號,0.0,商,,,1060307,土地0建物1車位0,三層,28,辦公商業大樓,商業用,鋼骨混凝土造,0820813,64.85,0,0,0,無,有,無,30000,463,,0.0,0,,RPSNMLPJNHMFFDA28DC
松山區,建物,臺北市松山區南京東路三段331~360號,0.0,商,,,1060327,土地0建物1車位0,八層,12,辦公商業大樓,商業用,鋼筋混凝土造,0670120,80.33,0,0,0,無,無,有,35000,436,,0.0,0,,RPTNMLPJNHMFFDA38DC
松山區,建物,臺北市松山區光復南路61~90號,0.0,住,,,1060412,土地0建物1車位0,二層,12,辦公商業大樓,見使用執照,鋼筋混凝土造,0830826,276.09,0,0,0,無,有,有,95000,344,,0.0,0,,RPXNMLPJNHMFFDA78DC
大安區,建物,臺北市大安區大安路二段91~120號,0.0,住,,,1060401,土地0建物1車位0,五層,7,華廈(10層含以下有電梯),住家用,鋼筋混凝土造,0741210,130.11,3,2,2,有,無,有,50000,384,,0.0,0,,RPOOMLPJNHMFFFA08CC
大安區,房地(土地+建物),臺北市大安區敦化南路二段181~210號,1127.0,其他,,,1060301,土地1建物1車位0,一層,19,店面(店鋪),商業用,見使用執照,0890714,548.44,0,0,0,無,有,無,864040,1575,,0.0,0,,RPUOMLPJNHMFFFA68CC
大安區,建物,臺北市大安區光復南路72巷31~60號,0.0,住,,,1060401,土地0建物1車位1,一層,7,華廈(10層含以下有電梯),住家用,鋼筋混凝土造,0781002,94.77000000000001,3,2,2,有,有,有,60000,633,一樓平面,0.0,0,,RPVOMLPJNHMFFFA78CC
大安區,建物,臺北市大安區光復南路91~120號,0.0,住,,,1060401,土地0建物1車位0,三層,12,住宅大樓(11層含以上有電梯),住家用,鋼筋混凝土造,0761105,121.45,3,2,2,有,有,有,37000,305,,0.0,0,,RPOPMLPJNHMFFFA18CC
士林區,建物,臺北市士林區中山北路六段241~270號,0.0,住,,,1060401,土地0建物1車位0,五層,7,華廈(10層含以下有電梯),住家用,鋼筋混凝土造,0740315,176.23,5,2,3,有,有,無,59030,335,,0.0,0,,RPRNMLPJNHMFFEA18CC
士林區,建物,臺北市士林區德行東路283巷31~60號,0.0,住,,,1060401,土地0建物1車位0,四層,7,套房(1房1廳1衛),見其他登記事項,鋼筋混凝土造,0971222,43.650000000000006,1,1,1,有,有,有,23000,527,,0.0,0,,RPUNMLPJNHMFFEA48CC
北投區,建物,臺北市北投區行義路186巷1~30號,0.0,住,,,1060501,土地0建物1車位0,二層,3,公寓(5樓含以下無電梯),住家用,鋼筋混凝土造,0780131,115.41,3,2,2,有,無,無,18000,156,,0.0,0,,RPSOMLPJNHMFFEA38CC
士林區,建物,臺北市士林區士東路266巷15弄1~30號,0.0,住,,,1060401,土地0建物1車位1,九層,15,住宅大樓(11層含以上有電梯),住家用,鋼筋混凝土造,0971229,414.2,4,2,3,有,有,無,130000,314,坡道平面,38.0,0,,RPPPMLPJNHMFFEA18CC
士林區,建物,臺北市士林區天玉街38巷1~30號,0.0,住,,,1060401,土地0建物1車位0,六層,7,華廈(10層含以下有電梯),住家用,鋼筋混凝土造,0740126,139.23000000000002,3,2,2,有,有,有,60000,431,,0.0,0,,RPTPMLPJNHMFFEA58CC
中山區,建物,臺北市中山區林森北路121~150號,0.0,商,,,1060412,土地0建物1車位0,七層,15,套房(1房1廳1衛),住家用,鋼筋混凝土造,0971215,27.849999999999998,1,1,1,有,有,無,17000,610,,0.0,0,,RPPNMLPJNHMFFCA77CC
內湖區,建物,臺北市內湖區南京東路六段451巷31~60號,0.0,其他,,,1060411,土地0建物1車位0,十層,14,住宅大樓(11層含以上有電梯),商業用,鋼筋混凝土造,0971205,84.63,3,2,2,有,有,無,32000,378,,0.0,0,,RPQNMLPJNHMFFCA87CC
中山區,建物,臺北市中山區長安東路二段151~180號,0.0,商,,,1060502,土地0建物1車位0,十層,14,住宅大樓(11層含以上有電梯),商業用,鋼筋混凝土造,0900326,72.42,2,1,1,有,有,有,40000,552,,0.0,0,,RPWNMLPJNHMFFCA48CC
中山區,建物,臺北市中山區長安東路二段31~60號,0.0,商,,,1060412,土地0建物1車位0,三層,6,華廈(10層含以下有電梯),商業用,鋼筋混凝土造,0610118,146.29,0,0,0,無,有,無,60000,410,,0.0,0,,RPXNMLPJNHMFFCA58CC
中山區,建物,臺北市中山區南京東路三段89巷15弄1~30號,0.0,住,,,1060415,土地0建物1車位0,七層,7,華廈(10層含以下有電梯),住家用,鋼筋混凝土造,1010323,77.81,2,1,1,有,有,有,43814,563,,0.0,0,,RPPOMLPJNHMFFCA87CC
中山區,建物,臺北市中山區北安路811~840號,0.0,住,,,1060419,土地0建物1車位0,二層,14,套房(1房1廳1衛),住家用,鋼筋混凝土造,0991224,46.25,1,1,1,有,有,無,22000,476,,0.0,0,,RPSOMLPJNHMFFCA18CC
中山區,建物,臺北市中山區吉林路121~150號,0.0,住,,,1060407,土地0建物1車位0,十一層,12,住宅大樓(11層含以上有電梯),住家用,鋼筋混凝土造,0670202,139.13,0,0,0,無,有,無,48000,345,,0.0,0,,RPTOMLPJNHMFFCA28CC
中山區,建物,臺北市中山區松江路271~300號,0.0,商,,,1060419,土地0建物1車位0,四層,7,華廈(10層含以下有電梯),住家用,鋼筋混凝土造,0711220,92.03,3,2,2,有,有,無,35000,380,,0.0,0,,RPUOMLPJNHMFFCA38CC
內湖區,建物,臺北市內湖區星雲街161巷1~30號,0.0,住,,,1060418,土地0建物1車位1,七層,15,住宅大樓(11層含以上有電梯),住家用,鋼筋混凝土造,0961026,162.7,3,2,1,有,有,有,65000,475,坡道平面,32.23,0,,RPXOMLPJNHMFFCA68CC
中山區,建物,臺北市中山區新生北路三段1~30號,0.0,住,,,1060419,土地0建物1車位0,五層,12,住宅大樓(11層含以上有電梯),住家用,鋼筋混凝土造,0710420,114.03,0,0,0,無,有,無,31000,272,,0.0,0,供營業使用,RPPPMLPJNHMFFCA97CC
中山區,建物,臺北市中山區復興北路391~420號,0.0,商,,,1060505,土地0建物1車位0,四層,18,住宅大樓(11層含以上有電梯),住家用,鋼筋混凝土造,0751125,79.13,2,2,1,有,無,有,35000,442,,0.0,0,,RPQQMLPJNHMFFCA18CC
內湖區,建物,臺北市內湖區內湖路一段661~690號,0.0,其他,,,1060426,土地0建物1車位1,五層,18,住宅大樓(11層含以上有電梯),住家用,見其他登記事項,0991123,155.25,3,2,1,有,有,有,50000,322,坡道平面,45.09,0,,RPSQMLPJNHMFFCA38CC
中山區,建物,臺北市中山區龍江路271~300號,0.0,住,,,1060503,土地0建物1車位0,二層,7,華廈(10層含以下有電梯),住家用,鋼筋混凝土造,0980120,93.07,2,2,1,有,無,有,37000,398,,0.0,0,,RPTQMLPJNHMFFCA48CC
內湖區,建物,臺北市內湖區內湖路一段661~690號,0.0,其他,,,1060407,土地0建物1車位1,十八層,18,住宅大樓(11層含以上有電梯),住家用,見其他登記事項,0991123,84.64,2,1,1,有,有,有,40000,473,坡道平面,45.08,0,,RPUQMLPJNHMFFCA58CC
中山區,建物,臺北市中山區民權東路三段61~90號,0.0,商,,,1060502,土地0建物1車位0,五層,19,住宅大樓(11層含以上有電梯),住家用,鋼筋混凝土造,0751125,194.71,4,2,2,有,有,有,45000,231,,0.0,0,,RPORMLPJNHMFFCA08CC
中山區,建物,臺北市中山區新生北路二段62巷1~30號,0.0,商,,,1060411,土地0建物1車位1,十二層,12,住宅大樓(11層含以上有電梯),住家用,鋼骨鋼筋混凝土造,1050322,80.45,2,1,1,有,有,有,55000,684,坡道平面,1.45,0,,RPWRMLPJNHMFFCA88CC
中山區,建物,臺北市中山區長安東路二段151~180號,0.0,商,,,1060413,土地0建物1車位0,十四層,15,住宅大樓(11層含以上有電梯),見其他登記事項,鋼筋混凝土造,1010409,52.49,1,2,1,有,有,有,39000,743,,0.0,0,含管理費。,RPUSMLPJNHMFFCA78CC
信義區,建物,臺北市信義區忠孝東路五段71巷11弄1~30號,0.0,住,,,1060415,土地0建物1車位0,四層,5,公寓(5樓含以下無電梯),住家用,鋼筋混凝土造,0760319,111.11,3,2,2,有,無,有,24000,216,,0.0,0,,RPPNMLPJNHMFFDA87CC
南港區,房地(土地+建物)+車位,臺北市南港區忠孝東路七段511~540號,1.0,商,,,1060418,土地1建物1車位1,三層,10,辦公商業大樓,見其他登記事項,鋼筋混凝土造,1040409,228.68,3,0,2,有,有,無,50000,219,坡道平面,41.19,0,,RPQNMLPJNHMFFDA97CC
松山區,建物,臺北市松山區八德路三段74巷31~60號,0.0,住,,,1060416,土地0建物1車位0,一層,4,店面(店鋪),住家用,鋼筋混凝土造,,82.77,0,0,0,無,無,無,58000,701,,0.0,0,,RPRNMLPJNHMFFDA08CC
松山區,建物,臺北市松山區南京東路五段181~210號,0.0,住,,,1060407,土地0建物1車位0,十層,14,住宅大樓(11層含以上有電梯),住家用,鋼筋混凝土造,0730229,106.25,1,1,1,有,有,無,36000,339,,0.0,0,,RPVNMLPJNHMFFDA48CC
松山區,建物,臺北市松山區八德路三段155巷4弄1~30號,0.0,住,,,1060430,土地0建物1車位0,三層,5,公寓(5樓含以下無電梯),住家用,鋼筋混凝土造,0710930,115.02,3,2,2,有,無,有,33000,287,,0.0,0,,RPUOMLPJNHMFFDA48CC
信義區,建物,臺北市信義區永吉路31~60號,0.0,商,,,1060419,土地0建物1車位0,十一層,14,住宅大樓(11層含以上有電梯),住家用,鋼筋混凝土造,0960524,96.00999999999999,2,2,2,有,有,有,33000,344,,0.0,0,,RPOPMLPJNHMFFDA97CC
大同區,建物,臺北市大同區承德路三段211~240號,0.0,商,,,1060414,土地0建物1車位2,十一層,12,住宅大樓(11層含以上有電梯),住家用,鋼筋混凝土造,1020419,236.8,4,2,3,有,有,有,62000,262,塔式車位,71.88,0,,RPRNMLPJNHMFFBA87CC
大同區,建物,臺北市大同區重慶北路三段271~300號,0.0,住,,,1060417,土地0建物1車位0,一層,3,店面(店鋪),,加強磚造,,89.96,1,0,1,有,無,有,32000,356,,0.0,0,租金含水費。,RPSNMLPJNHMFFBA97CC
中正區,建物,臺北市中正區信義路二段151~180號,0.0,商,,,1060414,土地0建物1車位0,十一層,13,住宅大樓(11層含以上有電梯),住家用,鋼骨鋼筋混凝土造,0970820,151.54,3,2,2,有,有,有,82000,541,,0.0,0,,RPPOMLPJNHMFFBA77CC
大同區,建物,臺北市大同區市民大道一段181~210號,0.0,其他,,,1060405,土地0建物1車位0,十六層,18,住宅大樓(11層含以上有電梯),住家用,見其他登記事項,0980724,137.03,3,1,2,有,有,有,90000,657,,0.0,0,,RPQOMLPJNHMFFBA87CC
中山區,房地(土地+建物),臺北市中山區錦州街1~30號,23939.23,商,,,1060505,土地1建物1車位0,六層,10,華廈(10層含以下有電梯),商業用,鋼筋混凝土造,0760415,81.42,0,0,0,無,無,有,32000,393,,0.0,0,,RPQNMLQJNHMFFCA97CC
中山區,建物,臺北市中山區林森北路310巷1~30號,0.0,商,,,1060407,土地0建物1車位0,七層,12,住宅大樓(11層含以上有電梯),商業用,鋼筋混凝土造,0880928,64.52000000000001,2,1,1,有,有,有,40000,620,,0.0,0,,RPSNMLQJNHMFFCA18CC
中山區,建物,臺北市中山區民權東路二段121~150號,0.0,商,,,1060407,土地0建物1車位0,十層,12,住宅大樓(11層含以上有電梯),住家用,鋼筋混凝土造,0710624,59.57,2,1,1,有,有,有,32000,537,,0.0,0,,RPTNMLQJNHMFFCA28CC
中山區,建物,臺北市中山區南京東路二段91~120號,0.0,其他,,,1060406,土地0建物1車位0,十七層,18,住宅大樓(11層含以上有電梯),住家用,見其他登記事項,0990917,49.89,1,1,1,有,有,有,55000,1102,,0.0,0,,RPUNMLQJNHMFFCA38CC
中山區,建物,臺北市中山區南京東路二段91~120號,0.0,其他,,,1060406,土地0建物1車位0,十七層,18,住宅大樓(11層含以上有電梯),住家用,見其他登記事項,0990917,53.44,1,1,1,有,有,有,55000,1029,,0.0,0,,RPVNMLQJNHMFFCA48CC
文山區,建物,臺北市文山區車前路1~30號,0.0,商,,,1060503,土地0建物1車位1,十五層,33,住宅大樓(11層含以上有電梯),住家用,鋼骨鋼筋混凝土造,1040427,215.26,4,2,2,有,有,有,50526,235,坡道平面,0.0,0,,RPPNMLRJNHMFFAA77CC
文山區,建物,臺北市文山區車前路1~30號,0.0,商,,,1060503,土地0建物1車位1,十五層,33,住宅大樓(11層含以上有電梯),住家用,鋼骨鋼筋混凝土造,1040427,187.72,3,2,2,有,有,有,40000,213,坡道平面,0.0,0,,RPQNMLRJNHMFFAA87CC
文山區,建物,臺北市文山區車前路1~30號,0.0,商,,,1060503,土地0建物1車位1,十五層,33,住宅大樓(11層含以上有電梯),住家用,鋼骨鋼筋混凝土造,1040427,215.26,4,2,2,有,有,有,50526,235,坡道平面,0.0,0,,RPRNMLRJNHMFFAA97CC
文山區,建物,臺北市文山區車前路1~30號,0.0,商,,,1060427,土地0建物1車位1,十六層,33,住宅大樓(11層含以上有電梯),住家用,鋼骨鋼筋混凝土造,1040427,234.25,4,2,2,有,有,有,50526,216,坡道平面,0.0,0,,RPSNMLRJNHMFFAA08CC
文山區,建物,臺北市文山區車前路1~30號,0.0,商,,,1060427,土地0建物1車位1,十六層,33,住宅大樓(11層含以上有電梯),住家用,鋼骨鋼筋混凝土造,1040427,203.70999999999998,3,2,2,有,有,有,40000,196,坡道平面,0.0,0,,RPTNMLRJNHMFFAA18CC
文山區,建物,臺北市文山區車前路1~30號,0.0,商,,,1060427,土地0建物1車位1,十六層,33,住宅大樓(11層含以上有電梯),住家用,鋼骨鋼筋混凝土造,1040427,203.70999999999998,3,2,2,有,有,有,40000,196,坡道平面,0.0,0,,RPUNMLRJNHMFFAA28CC
文山區,建物,臺北市文山區車前路1~30號,0.0,商,,,1060505,土地0建物1車位1,十七層,33,住宅大樓(11層含以上有電梯),住家用,鋼骨鋼筋混凝土造,1040427,234.25,4,2,2,有,有,有,50526,216,坡道平面,0.0,0,,RPPNMLSJNHMFFAA87CC
文山區,建物,臺北市文山區車前路1~30號,0.0,商,,,1060505,土地0建物1車位1,十七層,33,住宅大樓(11層含以上有電梯),住家用,鋼骨鋼筋混凝土造,1040427,184.72,3,2,2,有,有,有,40000,217,坡道平面,0.0,0,,RPQNMLSJNHMFFAA97CC
文山區,建物,臺北市文山區車前路1~30號,0.0,商,,,1060505,土地0建物1車位1,十七層,33,住宅大樓(11層含以上有電梯),住家用,鋼骨鋼筋混凝土造,1040427,203.70999999999998,3,2,2,有,有,有,40000,196,坡道平面,0.0,0,,RPRNMLSJNHMFFAA08CC
文山區,建物,臺北市文山區車前路1~30號,0.0,商,,,1060505,土地0建物1車位1,十七層,33,住宅大樓(11層含以上有電梯),住家用,鋼骨鋼筋混凝土造,1040427,234.25,4,2,2,有,有,有,50526,216,坡道平面,0.0,0,,RPSNMLSJNHMFFAA18CC
中正區,建物,臺北市中正區同安街1~30號,0.0,住,,,1060505,土地0建物1車位0,四層,7,華廈(10層含以下有電梯),,鋼筋混凝土造,,97.44,2,2,1,有,無,有,38000,390,,0.0,0,,RPXNMLSJNHMFFAA68CC
中正區,建物,臺北市中正區重慶南路三段16巷1~30號,0.0,住,,,1060419,土地0建物1車位0,三層,4,公寓(5樓含以下無電梯),住家用,鋼筋混凝土造,,74.54,2,1,1,有,無,無,22000,295,,0.0,0,,RPROMLSJNHMFFAA18CC
中正區,建物,臺北市中正區水源路31~60號,0.0,住,,,1060410,土地0建物1車位0,七層,13,住宅大樓(11層含以上有電梯),住家用,鋼筋混凝土造,0911202,78.73,2,1,1,有,有,無,25000,318,,0.0,0,,RPSOMLSJNHMFFAA28CC
中正區,建物,臺北市中正區廈門街91~120號,0.0,商,,,1060412,土地0建物1車位0,見其他登記事項,15,店面(店鋪),見其他登記事項,鋼筋混凝土造,1040601,103.77000000000001,0,0,0,無,有,無,30000,289,,0.0,0,,RPTOMLSJNHMFFAA38CC
中山區,房地(土地+建物),臺北市中山區民生東路三段31~60號,21.27,商,,,1060413,土地1建物1車位0,七層,12,住宅大樓(11層含以上有電梯),住家用,鋼筋混凝土造,0750110,188.88,2,2,2,有,有,無,58000,307,,0.0,0,,RPWOMLSJNHMFFCA98DC
士林區,建物,臺北市士林區天母東路31~60號,0.0,商,,,1060401,土地0建物1車位0,一層,7,店面(店鋪),商業用,鋼筋混凝土造,0761105,182.77,0,1,0,有,無,無,160000,875,,0.0,0,,RPSNMLSJNHMFFEA58CC
士林區,建物,臺北市士林區中山北路七段1~30號,0.0,商,,,1060401,土地0建物1車位0,五層,7,華廈(10層含以下有電梯),住家用,鋼筋混凝土造,0750103,144.83,4,2,2,有,有,有,70000,483,,0.0,0,,RPVNMLSJNHMFFEA88CC
士林區,建物,臺北市士林區中山北路七段14巷1~30號,0.0,住,,,1060501,土地0建物1車位0,四層,7,華廈(10層含以下有電梯),住家用,鋼筋混凝土造,0770119,146.85,4,2,2,有,有,有,62273,424,,0.0,0,,RPWNMLSJNHMFFEA98CC
北投區,建物,臺北市北投區天母西路117巷52弄1~30號,0.0,住,,,1060401,土地0建物1車位0,六層,7,華廈(10層含以下有電梯),住家用,鋼筋混凝土造,0731113,139.37,4,2,2,有,有,無,50000,359,,0.0,0,,RPOOMLSJNHMFFEA28CC
士林區,建物,臺北市士林區忠誠路一段31~60號,0.0,住,,,1060401,土地0建物1車位0,四層,7,華廈(10層含以下有電梯),住家用,鋼筋混凝土造,0740118,102.25,3,2,2,有,有,無,36000,352,,0.0,0,,RPPOMLSJNHMFFEA38CC
北投區,建物,臺北市北投區自強街31~60號,0.0,住,,,1060401,土地0建物1車位0,二層,5,公寓(5樓含以下無電梯),住家用,鋼筋混凝土造,0670130,80.64,2,1,1,有,無,無,22000,273,,0.0,0,,RPSOMLSJNHMFFEA68CC
士林區,建物,臺北市士林區中山北路六段195巷1~30號,0.0,住,,,1060401,土地0建物1車位0,十二層,14,住宅大樓(11層含以上有電梯),住家用,鋼筋混凝土造,0970506,85.4,1,2,1,有,無,有,40000,468,,0.0,0,,RPXOMLSJNHMFFEA56CC
士林區,建物,臺北市士林區德行東路181~210號,0.0,住,,,1060401,土地0建物1車位0,六層,7,華廈(10層含以下有電梯),住家用,鋼筋混凝土造,0731210,162.31,3,2,2,有,有,有,44000,271,,0.0,0,,RPOPMLSJNHMFFEA38CC
士林區,建物,臺北市士林區福華路166巷1~30號,0.0,住,,,1060501,土地0建物1車位0,二層,4,公寓(5樓含以下無電梯),住家用,鋼筋混凝土造,0621226,76.93,2,2,1,有,無,無,18000,234,,0.0,0,,RPPPMLSJNHMFFEA48CC
士林區,建物,臺北市士林區中山北路六段290巷31~60號,0.0,住,,,1060401,土地0建物1車位0,四層,5,公寓(5樓含以下無電梯),住家用,鋼筋混凝土造,0691119,131.56,4,2,2,有,有,有,37000,281,,0.0,0,,RPSPMLSJNHMFFEA78CC
大安區,房地(土地+建物),臺北市大安區復興南路一段61~90號,26.1,商,,,1060501,土地2建物1車位0,三層,5,公寓(5樓含以下無電梯),商業用,鋼筋混凝土造,,104.62,3,2,1,有,無,無,25000,239,,0.0,0,,RPRNMLSJNHMFFFA58CC
大安區,建物,臺北市大安區浦城街1~30號,0.0,住,,,1060501,土地0建物1車位0,三層,4,公寓(5樓含以下無電梯),住家用,鋼筋混凝土造,,93.74,3,2,2,有,無,有,27000,288,,0.0,0,,RPSNMLSJNHMFFFA68CC
大安區,建物,臺北市大安區新生南路一段97巷1~30號,0.0,住,,,1060401,土地0建物1車位0,四層,6,華廈(10層含以下有電梯),住家用,鋼筋混凝土造,0730126,127.96,3,2,2,有,無,有,65000,508,,0.0,0,,RPVNMLSJNHMFFFA98CC
大安區,建物,臺北市大安區信義路四段265巷31~60號,0.0,住,,,1060401,土地0建物1車位0,九層,9,華廈(10層含以下有電梯),住家用,鋼筋混凝土造,0910305,282.44,5,3,3,有,有,有,85000,301,,0.0,0,,RPXNMLSJNHMFFFA56CC
中山區,建物,臺北市中山區龍江路1~30號,0.0,商,,,1060411,土地0建物1車位0,七層,12,住宅大樓(11層含以上有電梯),住家用,鋼筋混凝土造,0970104,91.51,1,1,1,有,有,有,40000,437,,0.0,0,,RPQOMLSJNHMFFCA28CC
內湖區,建物,臺北市內湖區行忠路1~30號,0.0,其他,,,1060417,土地0建物1車位0,七層,8,華廈(10層含以下有電梯),工業用,鋼筋混凝土造,0920428,578.14,0,0,0,無,有,無,115500,200,,0.0,0,供營業使用,RPROMLSJNHMFFCA38CC
內湖區,建物,臺北市內湖區成功路二段271~300號,0.0,住,,,1060419,土地0建物1車位0,二層,4,公寓(5樓含以下無電梯),住家用,鋼筋混凝土造,0661017,107.64,0,0,0,無,無,無,21500,200,,0.0,0,供辦公室使用,RPUOMLSJNHMFFCA68CC
中山區,建物,臺北市中山區南京東路三段48巷31~60號,0.0,住,,,1060421,土地0建物1車位0,六層,14,住宅大樓(11層含以上有電梯),住家用,鋼筋混凝土造,0930330,181.9,3,1,2,有,有,有,60000,330,,0.0,0,,RPRPMLSJNHMFFCA48CC
中山區,建物,臺北市中山區復興北路61~90號,0.0,商,,,1060421,土地0建物1車位0,六層,12,住宅大樓(11層含以上有電梯),商業用,鋼筋混凝土造,0670522,107.77,2,1,2,有,有,有,36000,334,,0.0,0,,RPVPMLSJNHMFFCA88CC
中山區,建物,臺北市中山區雙城街19巷1~30號,0.0,商,,,1060410,土地0建物1車位0,十三層,14,住宅大樓(11層含以上有電梯),住家用,鋼筋混凝土造,0970312,68.0,1,1,1,有,有,有,36000,529,,0.0,0,,RPWPMLSJNHMFFCA98CC
內湖區,建物,臺北市內湖區民權東路六段180巷151~180號,0.0,住,,,1060330,土地0建物1車位1,十層,11,住宅大樓(11層含以上有電梯),住家用,鋼筋混凝土造,1000221,133.44,2,2,2,有,有,有,45000,337,坡道平面,39.58,0,,RPRQMLSJNHMFFCA58CC
中山區,建物,臺北市中山區八德路二段300巷31~60號,0.0,住,,,1060429,土地0建物1車位0,五層,13,住宅大樓(11層含以上有電梯),住家用,鋼筋混凝土造,0990423,235.55,3,2,2,有,有,有,75000,318,,0.0,0,,RPUQMLSJNHMFFCA88CC
大同區,建物,臺北市大同區民權西路211~240號,0.0,商,,,1060428,土地0建物2車位0,一層,12,住宅大樓(11層含以上有電梯),商業用,鋼筋混凝土造,0770623,76.69,0,2,1,有,有,無,40000,522,,0.0,0,有兩個門牌併租,RPXNMLSJNHMFFBA78CC
中正區,建物,臺北市中正區重慶南路一段31~60號,0.0,商,,,1060411,土地0建物1車位0,一層,12,辦公商業大樓,商業用,鋼筋混凝土造,0750805,194.10999999999999,0,1,1,有,有,有,227040,1170,,0.0,0,,RPTOMLSJNHMFFBA48CC
中正區,建物,臺北市中正區信陽街1~30號,0.0,商,,,1060413,土地0建物0車位0,一層,5,公寓(5樓含以下無電梯),見其他登記事項,鋼筋混凝土造,0670112,121.15,0,1,1,有,無,有,85000,702,,0.0,0,,RPXOMLSJNHMFFBA88CC
中正區,建物,臺北市中正區臨沂街31~60號,76.43,商,,,1060507,土地0建物1車位0,一層,4,公寓(5樓含以下無電梯),,加強磚造,,76.43,0,0,0,無,無,無,40000,523,,0.0,0,,RPOPMLSJNHMFFBA08CC
中正區,房地(土地+建物),臺北市中正區仁愛路二段1~30號,107.88,住,,,1060428,土地1建物1車位0,十一層,19,住宅大樓(11層含以上有電梯),住家用,見其他登記事項,0980907,168.64999999999998,1,2,2,有,有,有,80000,474,,0.0,0,,RPTPMLSJNHMFFBA58CC
信義區,建物,臺北市信義區虎林街60巷1~30號,0.0,商,,,1060415,土地0建物1車位0,二層,4,公寓(5樓含以下無電梯),住家用,鋼筋混凝土造,0611205,94.64,3,2,1,有,無,有,20000,211,,0.0,0,,RPPNMLSJNHMFFDA18CC
信義區,建物,臺北市信義區光復南路451~480號,0.0,商,,,1060502,土地0建物1車位0,四層,12,住宅大樓(11層含以上有電梯),見其他登記事項,鋼筋混凝土造,,87.39,3,1,1,有,有,有,28000,320,,0.0,0,,RPPOMLSJNHMFFDA28CC
信義區,建物,臺北市信義區松隆路61~90號,25.0,住,,,1060507,土地0建物1車位0,一層,4,公寓(5樓含以下無電梯),住家用,加強磚造,0590105,84.14,0,0,0,無,無,無,48000,570,,0.0,0,,RPUOMLSJNHMFFDA78CC
松山區,建物,臺北市松山區南京東路五段61~90號,0.0,商,,,1060412,土地0建物1車位0,二層,12,住宅大樓(11層含以上有電梯),商業用,鋼筋混凝土造,0750519,85.29,1,1,1,有,有,無,24000,281,,0.0,0,,RPVOMLSJNHMFFDA88CC
信義區,建物,臺北市信義區忠孝東路五段91~120號,0.0,住,,,1060429,土地0建物1車位0,四層,13,住宅大樓(11層含以上有電梯),見其他登記事項,鋼筋混凝土造,1030829,64.25,2,2,2,有,有,有,69000,1074,,0.0,0,租金含網路、有線電視費用。,RPWNMLTJNHMFFDA98CC
松山區,建物,臺北市松山區健康路8巷1~30號,0.0,住,,,1060428,土地0建物1車位0,一層,7,華廈(10層含以下有電梯),商業用,鋼筋混凝土造,0741105,222.45,2,1,2,有,無,無,75000,337,,0.0,0,,RPXNMLTJNHMFFDA09CC
信義區,建物,臺北市信義區基隆路一段147巷5弄31~60號,0.0,住,,,1060421,土地0建物1車位0,一層,4,店面(店鋪),住家用,鋼筋混凝土造,,91.49,0,0,0,無,無,無,70000,765,,0.0,0,,RPOOMLTJNHMFFDA28CC
信義區,房地(土地+建物)+車位,臺北市信義區紫雲街61~90號,0.0,住,,,1060428,土地0建物1車位1,一層,15,住宅大樓(11層含以上有電梯),住家用,鋼筋混凝土造,0800723,310.64000000000004,3,2,4,有,有,無,70000,225,坡道平面,69.6,0,,RPSOMLTJNHMFFDA68CC
信義區,房地(土地+建物),臺北市信義區松隆路61~90號,102.0,住,,,1060503,土地1建物1車位0,一層,4,店面(店鋪),住商用,加強磚造,,81.83,0,0,0,無,無,無,73788,902,,0.0,0,,RPVOMLTJNHMFFDA98CC
大同區,建物,臺北市大同區市民大道一段181~210號,0.0,其他,,,1060424,土地0建物1車位0,十八層,18,住宅大樓(11層含以上有電梯),住家用,見其他登記事項,0980724,79.91,2,2,1,有,有,有,48000,601,,0.0,0,,RPUNMLTJNHMFFBA58CC
大同區,建物,臺北市大同區重慶北路三段181~210號,0.0,住,,,1060420,土地0建物0車位0,一層,2,店面(店鋪),,加強磚造,,61.29,0,0,0,無,無,無,26000,424,,0.0,0,,RPWNMLTJNHMFFBA78CC
萬華區,建物,臺北市萬華區西寧南路151~180號,0.0,商,,,1060401,土地0建物1車位0,一層,3,店面(店鋪),,加強磚造,,99.3,1,0,1,有,有,無,270000,2719,,0.0,0,租屋包含稅金,RPQOMLTJNHMFFBA28CC
萬華區,建物,臺北市萬華區興寧街66巷22弄1~30號,0.0,,,,1060509,土地0建物1車位0,一層,5,公寓(5樓含以下無電梯),工業用,鋼筋混凝土造,0720311,69.14,0,0,0,無,無,無,18000,260,,0.0,0,,RPROMLTJNHMFFBA38CC
中山區,建物,臺北市中山區林森北路571~600號,0.0,商,,,1060425,土地0建物1車位0,八層,13,住宅大樓(11層含以上有電梯),住家用,鋼筋混凝土造,1000726,184.44,3,2,2,有,有,有,98500,534,,0.0,0,租金含管理費,RPRNMLTJNHMFFCA38CC
中山區,建物,臺北市中山區民權西路9巷1~30號,0.0,商,,,1060426,土地0建物1車位0,六層,14,套房(1房1廳1衛),見其他登記事項,鋼筋混凝土造,1011112,52.769999999999996,1,1,1,有,有,有,35000,663,,0.0,0,,RPUNMLTJNHMFFCA68CC
內湖區,房地(土地+建物),臺北市內湖區陽光街331~360號,294.58,工,,,1060421,土地1建物1車位0,七層,8,廠辦,工業用,鋼筋混凝土造,0961116,294.58,0,0,0,無,有,無,95500,324,,0.0,0,,RPVNMLTJNHMFFCA78CC
中山區,建物,臺北市中山區新生北路二段68巷1~30號,0.0,商,,,1060421,土地0建物1車位0,二層,7,華廈(10層含以下有電梯),住家用,鋼筋混凝土造,0670505,66.73,2,1,1,有,有,無,28800,432,,0.0,0,,RPWNMLTJNHMFFCA88CC
中山區,建物,臺北市中山區民權西路9巷1~30號,0.0,商,,,1060501,土地0建物1車位0,十層,14,套房(1房1廳1衛),見其他登記事項,鋼筋混凝土造,1011112,87.77,1,1,1,有,有,有,28000,319,,0.0,0,含管理費,RPXNMLTJNHMFFCA98CC
內湖區,房地(土地+建物),臺北市內湖區洲子街61~90號,673.98,工,,,1060424,土地1建物1車位0,十層,12,廠辦,工業用,見其他登記事項,0940714,673.98,0,0,0,無,有,無,269000,399,,0.0,0,,RPOOMLTJNHMFFCA18CC
中山區,房地(土地+建物),臺北市中山區長安東路二段211~240號,10.02,商,,,1060417,土地1建物1車位0,一層,12,住宅大樓(11層含以上有電梯),商業用,鋼筋混凝土造,0740418,100.55,0,0,0,無,有,有,70000,696,,0.0,0,,RPPOMLTJNHMFFCA28CC
中山區,建物,臺北市中山區南京東路二段91~120號,0.0,其他,,,1060422,土地0建物1車位0,十一層,18,辦公商業大樓,住家用,見其他登記事項,0990917,48.5,0,0,0,無,有,有,25000,515,,0.0,0,,RPVOMLTJNHMFFCA88CC
中山區,建物,臺北市中山區龍江路298巷1~30號,0.0,住,,,1060429,土地0建物1車位0,七層,12,住宅大樓(11層含以上有電梯),住家用,鋼筋混凝土造,0851019,152.76,3,2,2,有,有,有,38000,249,,0.0,0,,RPWOMLTJNHMFFCA98CC
中山區,建物,臺北市中山區長安東路一段1~30號,0.0,商,,,1060505,土地0建物1車位0,十一層,12,辦公商業大樓,商業用,鋼筋混凝土造,0681124,56.5,0,0,0,無,有,無,23300,412,,0.0,0,,RPOPMLTJNHMFFCA28CC
大安區,建物,臺北市大安區金山南路二段211~240號,0.0,商,,,1060401,土地0建物1車位2,十二層,38,住宅大樓(11層含以上有電梯),住家用,見其他登記事項,1031224,195.94,3,2,2,有,有,有,63000,322,升降平面,59.3,0,,RPQNMLTJNHMFFFA58CC
大安區,建物,臺北市大安區敦化南路二段151~180號,0.0,其他,,,1060401,土地0建物2車位0,一層,12,店面(店鋪),商業用,鋼筋混凝土造,0711127,434.39000000000004,0,0,0,無,有,有,300000,691,,0.0,0,此租賃物件為1+2樓,RPQOMLTJNHMFFFA68CC
大安區,房地(土地+建物),臺北市大安區新生南路一段157巷31~60號,51.08,住,,,1060501,土地1建物1車位0,一層,4,公寓(5樓含以下無電梯),住家用,鋼筋混凝土造,,141.06,0,0,0,無,無,無,55000,390,,0.0,0,,RPXOMLTJNHMFFFA76CC
士林區,房地(土地+建物),臺北市士林區中山北路六段290巷11弄1~30號,29.94,住,,,1060501,土地1建物1車位0,二層,5,公寓(5樓含以下無電梯),住家用,鋼筋混凝土造,0740107,114.51,3,2,2,有,無,無,25000,218,,0.0,0,,RPXNMLTJNHMFFEA56CC
內湖區,建物,臺北市內湖區內湖路一段217巷61~90號,0.0,住,,,1060506,土地0建物1車位0,七層,7,華廈(10層含以下有電梯),住家用,鋼筋混凝土造,0721117,105.61,3,2,2,有,有,有,27000,256,,0.0,0,,RPRPMLTJNHMFFCA68DC
內湖區,建物,臺北市內湖區南京東路六段361~390號,0.0,工,,,1060419,土地0建物7車位0,見其他登記事項,16,廠辦,見其他登記事項,見其他登記事項,1030930,14429.439999999999,0,0,0,無,有,無,5279412,366,,0.0,0,,RPUPMLTJNHMFFCA98DC
大安區,建物,臺北市大安區羅斯福路三段31~60號,301.0,商,,,1060501,土地0建物4車位0,二層,4,店面(店鋪),商業用,鋼筋混凝土造,0610828,383.67,0,0,0,無,無,無,250000,652,,0.0,0,出租標的物為1.2樓，含增建部份。,RPTNMLTJNHMFFFA98DC
文山區,建物,臺北市文山區木新路二段211~240號,0.0,住,,,1060416,土地0建物2車位0,一層,5,店面(店鋪),住家用,鋼筋混凝土造,0680730,172.0,0,2,2,有,無,無,70000,407,,0.0,0,,RPQNMLTJNHMFFAA08CC
士林區,建物,臺北市士林區中山北路六段290巷7弄31~60號,0.0,住,,,1060401,土地0建物1車位0,三層,5,華廈(10層含以下有電梯),住家用,鋼筋混凝土造,0690522,145.12,3,2,2,有,無,有,60000,413,,0.0,0,,RPTNMLKKNHMFFEA97CC
北投區,建物,臺北市北投區公館路301~330號,0.0,住,,,1060401,土地0建物0車位0,二層,5,套房(1房1廳1衛),住家用,鋼筋混凝土造,0820108,22.06,1,1,1,有,無,有,8700,394,,0.0,0,,RPXNMLKKNHMFFEA38CC
北投區,建物,臺北市北投區裕民六路91~120號,0.0,商,,,1060401,土地0建物1車位0,十一層,17,住宅大樓(11層含以上有電梯),見使用執照,鋼筋混凝土造,0920221,146.71,3,1,2,有,有,有,53000,361,,0.0,0,,RPVQMLKKNHMFFEA48CC
士林區,建物,臺北市士林區至善路二段1~30號,0.0,住,,,1060501,土地0建物1車位1,三層,7,華廈(10層含以下有電梯),住家用,鋼筋混凝土造,0820507,177.4,4,2,2,有,有,有,50000,282,坡道平面,0.0,0,租金包含大樓管理費,RPORMLKKNHMFFEA87CC
大安區,建物,臺北市大安區安和路二段181~210號,0.0,住,,,1060401,土地0建物1車位0,十一層,17,住宅大樓(11層含以上有電梯),住家用,鋼筋混凝土造,0800105,237.35,3,2,2,有,有,有,100000,421,,0.0,0,,RPPNMLKKNHMFFFA67CC
大安區,建物,臺北市大安區信義路三段181~210號,0.0,商,,,1060401,土地0建物1車位0,一層,12,店面(店鋪),商業用,鋼筋混凝土造,0770921,74.85,0,0,0,無,有,有,150000,2004,,0.0,0,,RPSNMLKKNHMFFFA97CC
大安區,建物,臺北市大安區新生南路三段1~30號,0.0,住,,,1060501,土地0建物1車位3,三層,14,住宅大樓(11層含以上有電梯),住家用,鋼筋混凝土造,0980702,279.39,4,2,2,有,有,有,120000,430,坡道平面,0.0,0,,RPUNMLKKNHMFFFA18CC
大安區,建物,臺北市大安區金華街61~90號,0.0,,,,1060501,土地0建物1車位4,四層,11,住宅大樓(11層含以上有電梯),住家用,鋼筋混凝土造,0980910,279.77,3,2,2,有,有,有,130000,465,坡道機械,71.5,0,,RPXNMLKKNHMFFFA48CC
大安區,房地(土地+建物),臺北市大安區建國南路二段181~210號,35.0,住,,,1060501,土地1建物1車位0,一層,4,公寓(5樓含以下無電梯),住家用,鋼筋混凝土造,,112.01,0,0,1,有,無,無,80000,714,,0.0,0,,RPPOMLKKNHMFFFA77CC
大安區,建物,臺北市大安區臥龍街301~330號,0.0,住,,,1060401,土地0建物1車位0,七層,13,住宅大樓(11層含以上有電梯),住家用,鋼筋混凝土造,0990513,122.12,3,2,2,有,有,有,63000,516,,0.0,0,租期為11個月又16天,RPSOMLKKNHMFFFA08CC
大安區,建物,臺北市大安區敦化南路一段161巷69弄1~30號,0.0,住,,,1060401,土地0建物1車位0,二層,6,華廈(10層含以下有電梯),住家用,鋼筋混凝土造,0751220,60.410000000000004,1,1,1,有,有,有,36000,596,,0.0,0,租金包含大樓管理費,RPVOMLKKNHMFFFA38CC
大安區,房地(土地+建物),臺北市大安區敦化南路一段233巷1~30號,53.52,住,,,1060401,土地1建物1車位0,一層,7,店面(店鋪),見使用執照,鋼筋混凝土造,0671220,283.26,0,0,0,無,無,無,173000,611,,0.0,0,出租樓層1樓及地下室,RPWOMLKKNHMFFFA48CC
中山區,建物,臺北市中山區長春路1~30號,0.0,商,,,1060412,土地0建物1車位0,五層,14,住宅大樓(11層含以上有電梯),住家用,鋼筋混凝土造,0990212,52.16,1,1,1,有,有,有,32500,623,,0.0,0,,RPWNMLKKNHMFFCA08CC
內湖區,建物,臺北市內湖區金莊路61~90號,0.0,其他,,,1060424,土地0建物1車位1,十三層,14,住宅大樓(11層含以上有電梯),商業用,鋼筋混凝土造,0990512,198.64999999999998,5,2,3,有,有,無,45000,227,坡道平面,0.0,0,,RPOOMLKKNHMFFCA37CC
中山區,建物,臺北市中山區北安路621巷6弄1~30號,0.0,住,,,1060423,土地0建物1車位0,一層,4,公寓(5樓含以下無電梯),住家用,鋼筋混凝土造,0651204,100.22,3,2,2,有,有,無,30000,299,,0.0,0,,RPPOMLKKNHMFFCA47CC
中山區,建物,臺北市中山區敬業三路151~180號,0.0,住,,,1060417,土地0建物1車位0,二層,7,華廈(10層含以下有電梯),住家用,鋼筋混凝土造,0980910,157.45,3,2,2,有,有,有,60000,381,,0.0,0,租金內含大樓管理費,RPXOMLKKNHMFFCA28CC
中山區,建物,臺北市中山區民生東路三段31~60號,0.0,商,,,1060509,土地0建物1車位3,十層,14,住宅大樓(11層含以上有電梯),住家用,鋼筋混凝土造,0960806,383.40999999999997,4,2,4,有,有,有,125000,326,坡道平面,96.84,0,,RPOPMLKKNHMFFCA47CC
內湖區,建物,臺北市內湖區民權東路六段1~30號,0.0,其他,,,1060502,土地0建物1車位1,四層,6,辦公商業大樓,工業用,鋼筋混凝土造,0931228,213.43,4,0,0,有,有,無,63000,295,坡道平面,0.0,0,,RPPPMLKKNHMFFCA57CC
中山區,建物,臺北市中山區南京東路二段24巷1~30號,0.0,商,,,1060428,土地0建物1車位0,八層,8,華廈(10層含以下有電梯),商業用,鋼筋混凝土造,0931209,54.449999999999996,1,1,2,有,有,有,40000,735,,0.0,0,,RPRPMLKKNHMFFCA77CC
中山區,建物,臺北市中山區民權西路9巷1~30號,0.0,商,,,1060428,土地0建物1車位0,九層,14,住宅大樓(11層含以上有電梯),見其他登記事項,鋼筋混凝土造,1011112,64.72,1,1,1,有,有,有,40000,618,,0.0,0,,RPSPMLKKNHMFFCA87CC
內湖區,建物,臺北市內湖區金莊路91~120號,0.0,其他,,,1060502,土地0建物1車位1,四層,11,住宅大樓(11層含以上有電梯),見其他登記事項,鋼筋混凝土造,1010104,193.12,2,2,2,有,有,有,58000,300,坡道平面,34.84,0,,RPTPMLKKNHMFFCA97CC
中山區,建物,臺北市中山區撫順街1~30號,0.0,商,,,1060418,土地0建物1車位0,八層,14,住宅大樓(11層含以上有電梯),住家用,鋼筋混凝土造,0931203,131.56,2,1,2,有,有,有,50000,380,,0.0,0,,RPUPMLKKNHMFFCA08CC
中山區,建物,臺北市中山區中山北路二段151~180號,0.0,商,,,1060419,土地0建物1車位0,十三層,14,住宅大樓(11層含以上有電梯),商業用,鋼骨鋼筋混凝土造,0951129,100.44,3,1,1,有,有,有,46000,458,,0.0,0,,RPVPMLKKNHMFFCA18CC
內湖區,建物,臺北市內湖區民權東路六段181~210號,0.0,住,,,1060430,土地0建物1車位1,三層,11,住宅大樓(11層含以上有電梯),住家用,鋼筋混凝土造,0971023,279.35,3,2,2,有,有,有,65000,233,坡道平面,32.71,0,租金包含大樓管理費,RPWPMLKKNHMFFCA28CC
大同區,建物,臺北市大同區市民大道一段181~210號,0.0,其他,,,1060328,土地0建物1車位0,十一層,18,套房(1房1廳1衛),住家用,見其他登記事項,0980724,45.31,1,1,1,有,有,有,38000,839,,0.0,0,,RPTNMLKKNHMFFBA67CC
大同區,建物,臺北市大同區萬全街1~30號,0.0,商,,,1060503,土地0建物1車位0,五層,15,住宅大樓(11層含以上有電梯),住家用,鋼筋混凝土造,1041016,84.48,1,1,1,有,有,有,60000,710,,0.0,0,,RPOPMLKKNHMFFBA37CC
松山區,建物,臺北市松山區敦化北路301~330號,0.0,其他,,,1060413,土地0建物1車位0,十一層,12,套房(1房1廳1衛),住家用,鋼筋混凝土造,0651022,29.950000000000003,1,0,1,有,有,有,12000,401,,0.0,0,,RPRNMLKKNHMFFDA67CC
松山區,建物,臺北市松山區敦化北路199巷16弄1~30號,0.0,住,,,1060419,土地0建物1車位0,六層,7,華廈(10層含以下有電梯),住家用,鋼筋混凝土造,0750714,158.36,3,2,2,有,有,有,50000,316,,0.0,0,,RPUNMLKKNHMFFDA97CC
信義區,建物,臺北市信義區永吉路61~90號,0.0,商,,,1060417,土地0建物1車位0,四層,14,住宅大樓(11層含以上有電梯),商業用,鋼筋混凝土造,0891026,151.84,3,2,2,有,有,有,46000,303,,0.0,0,,RPOOMLKKNHMFFDA47CC
松山區,建物,臺北市松山區八德路四段121~150號,0.0,住,,,1060505,土地0建物1車位0,五層,7,辦公商業大樓,商業用,鋼筋混凝土造,0810131,292.96,0,0,0,無,有,無,90000,307,,0.0,0,,RPSOMLKKNHMFFDA87CC
松山區,建物,臺北市松山區敦化北路155巷61~90號,0.0,住,,,1060421,土地0建物1車位0,六層,8,華廈(10層含以下有電梯),住家用,鋼筋混凝土造,0920106,177.72,3,1,2,有,有,有,45000,253,,0.0,0,,RPQPMLKKNHMFFDA77CC
信義區,房地(土地+建物)+車位,臺北市信義區忠孝東路五段275巷7弄1~30號,45.96,商,,,1060508,土地2建物1車位0,六層,10,華廈(10層含以下有電梯),住家用,鋼筋混凝土造,0940426,233.06,4,2,2,有,有,有,100000,503,坡道平面,44.34,0,,RPRPMLKKNHMFFDA87CC
信義區,建物,臺北市信義區忠孝東路五段451~480號,0.0,商,,,1060419,土地0建物1車位0,十層,11,住宅大樓(11層含以上有電梯),見其他登記事項,鋼筋混凝土造,0941006,50.2,1,1,1,有,有,有,36800,733,,0.0,0,租金包含網路費用以及有線電視費用,RPTPMLKKNHMFFDA08CC
松山區,建物,臺北市松山區復興北路141巷6弄1~30號,0.0,商,,,1060510,土地0建物1車位0,三層,8,華廈(10層含以下有電梯),住家用,鋼筋混凝土造,0770201,172.62,4,2,2,有,無,有,51084,296,,0.0,0,,RPVPMLKKNHMFFDA28CC
松山區,建物,臺北市松山區南京東路四段181~210號,0.0,商,,,1060428,土地0建物1車位0,十二層,12,辦公商業大樓,商業用,鋼筋混凝土造,0681027,68.19,0,0,0,無,有,無,21500,315,,0.0,0,,RPPNMLLKNHMFFDA57CC
松山區,建物,臺北市松山區撫遠街249巷1~30號,0.0,其他,,,1060423,土地0建物0車位0,地下層,4,公寓(5樓含以下無電梯),住家用,鋼筋混凝土造,0710824,66.01,0,0,0,無,無,無,15000,227,,0.0,0,倉庫使用,RPQNMLLKNHMFFDA67CC
信義區,建物,臺北市信義區崇德街63巷1~30號,0.0,住,,,1060503,土地0建物1車位1,十層,12,住宅大樓(11層含以上有電梯),住家用,鋼筋混凝土造,1010614,199.53,2,2,2,有,有,有,87000,436,坡道平面,0.0,0,,RPRNMLLKNHMFFDA77CC
信義區,建物,臺北市信義區和平東路三段151~180號,0.0,商,,,1060505,土地0建物1車位0,六層,14,套房(1房1廳1衛),住家用,鋼筋混凝土造,0970205,36.67,1,0,0,無,有,有,25000,682,,0.0,0,,RPVNMLLKNHMFFDA18CC
信義區,建物,臺北市信義區基隆路一段172巷1~30號,0.0,住,,,1060417,土地0建物1車位0,九層,14,住宅大樓(11層含以上有電梯),住家用,鋼筋混凝土造,0790515,163.58999999999997,3,2,2,有,有,有,95000,581,,0.0,0,,RPPPMLLKNHMFFDA77CC
內湖區,建物,臺北市內湖區環山路一段1~30號,0.0,住,,,1060427,土地0建物1車位0,二十二層,24,住宅大樓(11層含以上有電梯),住家用,鋼骨鋼筋混凝土造,0981007,430.65,3,2,2,有,有,有,133400,310,坡道平面,129.29,0,,RPWNMLLKNHMFFCA18CC
中山區,建物,臺北市中山區中山北路二段121~150號,0.0,商,,,1060425,土地0建物1車位1,十三層,14,住宅大樓(11層含以上有電梯),商業用,鋼筋混凝土造,0970611,208.69,5,2,3,有,有,無,63000,302,坡道平面,25.7,0,,RPPOMLLKNHMFFCA57CC
中山區,建物,臺北市中山區林森北路451~480號,0.0,商,,,1060417,土地0建物1車位0,十層,41,住宅大樓(11層含以上有電梯),見其他登記事項,鋼筋混凝土造,0981106,47.120000000000005,1,1,1,有,有,有,25000,531,,0.0,0,,RPXOMLLKNHMFFCA38CC
中山區,建物,臺北市中山區新生北路二段62巷1~30號,0.0,商,,,1060413,土地0建物1車位0,十二層,19,住宅大樓(11層含以上有電梯),住家用,鋼骨鋼筋混凝土造,1050322,59.61,2,1,2,有,有,有,50000,839,,0.0,0,,RPWPMLLKNHMFFCA38CC
中山區,建物,臺北市中山區新生北路二段68巷1~30號,0.0,商,,,1060412,土地0建物1車位0,七層,12,住宅大樓(11層含以上有電梯),住家用,見其他登記事項,1050602,79.15,2,1,1,有,有,有,50000,632,,0.0,0,,RPXPMLLKNHMFFCA48CC
中山區,建物,臺北市中山區林森北路107巷61~90號,0.0,商,,,1060418,土地0建物1車位0,五層,7,華廈(10層含以下有電梯),見其他登記事項,鋼筋混凝土造,1010210,76.27,2,1,1,有,有,有,47000,616,,0.0,0,,RPQQMLLKNHMFFCA87CC
內湖區,建物,臺北市內湖區新明路211~240號,0.0,工,,,1060505,土地0建物1車位0,五層,5,廠辦,工業用,鋼筋混凝土造,0700702,49.59,1,0,0,無,無,無,10500,212,,0.0,0,,RPTQMLLKNHMFFCA18CC
大安區,建物,臺北市大安區信義路四段151~180號,0.0,商,,,1060501,土地0建物1車位0,三層,12,住宅大樓(11層含以上有電梯),住家用,鋼筋混凝土造,,83.75,2,2,2,有,有,有,36000,430,,0.0,0,,RPWNMLLKNHMFFFA48CC
大安區,建物,臺北市大安區敦化南路二段241~270號,0.0,住,,,1060401,土地0建物1車位0,九層,17,住宅大樓(11層含以上有電梯),住家用,鋼筋混凝土造,0680517,99.78999999999999,3,1,1,有,有,無,44000,441,,0.0,0,,RPTOMLLKNHMFFFA28CC
士林區,建物,臺北市士林區福林路241~270號,37.92,住,,,1060501,土地0建物1車位0,三層,5,公寓(5樓含以下無電梯),住家用,鋼筋混凝土造,0731018,128.82,3,2,2,有,無,有,23000,179,,0.0,0,,RPXNMLLKNHMFFEA48CC
士林區,建物,臺北市士林區中山北路六段157巷1~30號,0.0,工,,,1060401,土地0建物1車位0,十四層,15,住宅大樓(11層含以上有電梯),見其他登記事項,鋼筋混凝土造,0971002,101.15,2,2,1,有,有,有,59000,583,,0.0,0,,RPROMLLKNHMFFEA97CC
士林區,建物,臺北市士林區忠誠路一段121~150號,0.0,住,,,1060401,土地0建物1車位0,三層,9,華廈(10層含以下有電梯),住家用,鋼筋混凝土造,0911231,200.11999999999998,3,2,2,有,無,有,70000,350,,0.0,0,,RPSOMLLKNHMFFEA08CC
中正區,建物,臺北市中正區羅斯福路二段1~30號,0.0,商,,,1060425,土地0建物1車位1,四層,12,住宅大樓(11層含以上有電梯),住家用,鋼筋混凝土造,1020809,210.18,0,0,0,無,有,無,75000,357,坡道機械,11.26,0,供事務所使用,RPQNMLLKNHMFFAA37CC
士林區,建物,臺北市士林區中山北路五段721~750號,0.0,住,,,1060501,土地0建物1車位0,二層,13,辦公商業大樓,商業用,鋼筋混凝土造,0821018,371.4,0,0,0,無,有,無,37200,100,,0.0,0,親友間租賃,RPQNMLLKNHMFFEA87DC
大同區,建物,臺北市大同區承德路三段151~180號,0.0,商,,,1060511,土地0建物1車位0,一層,4,公寓(5樓含以下無電梯),,鋼筋混凝土造,,76.53,0,1,1,有,無,無,36000,470,,0.0,0,,RPWOMLMKNHMFFBA38DC
士林區,建物,臺北市士林區重慶北路四段151~180號,0.0,住,,,1060401,土地0建物0車位0,全,4,透天厝,住商用,鋼筋混凝土造,0581227,77.83,0,0,0,無,無,無,19000,244,,0.0,0,供辦公室使用,RPSNMLMKNHMFFEA08CC
士林區,建物,臺北市士林區忠誠路一段100巷15弄1~30號,0.0,住,,,1060401,土地0建物1車位0,七層,15,住宅大樓(11層含以上有電梯),住家用,鋼筋混凝土造,0770711,123.74000000000001,3,2,2,有,有,無,32000,259,,0.0,0,,RPUNMLMKNHMFFEA28CC
士林區,建物,臺北市士林區忠義街121~150號,0.0,商,,,1060401,土地0建物1車位1,八層,15,住宅大樓(11層含以上有電梯),住家用,鋼筋混凝土造,0800514,186.81,4,2,2,有,有,有,67000,359,坡道平面,0.0,0,,RPROMLMKNHMFFEA08CC
北投區,建物,臺北市北投區懷德街75巷31~60號,0.0,住,,,1060401,土地0建物1車位0,十一層,13,住宅大樓(11層含以上有電梯),住家用,鋼筋混凝土造,1000608,177.06,2,2,2,有,有,有,69000,390,,0.0,0,,RPVOMLMKNHMFFEA48CC
士林區,建物,臺北市士林區中山北路六段157巷1~30號,0.0,工,,,1060401,土地0建物1車位0,八層,15,住宅大樓(11層含以上有電梯),見其他登記事項,鋼筋混凝土造,0971002,102.87,2,1,1,有,有,有,63000,612,,0.0,0,,RPQPMLMKNHMFFEA08CC
大安區,建物,臺北市大安區仁愛路四段391~420號,0.0,商,,,1060401,土地0建物3車位0,一層,14,住宅大樓(11層含以上有電梯),住家用,鋼筋混凝土造,,401.03,5,2,3,有,有,無,200000,499,,0.0,0,,RPTNMLMKNHMFFFA28CC
大安區,建物,臺北市大安區和平東路二段107巷11弄1~30號,0.0,住,,,1060401,土地0建物1車位0,四層,4,公寓(5樓含以下無電梯),住家用,鋼筋混凝土造,,81.48,2,1,1,有,無,無,23500,288,,0.0,0,,RPROMLMKNHMFFFA18CC
大安區,建物,臺北市大安區敦化南路二段200巷1~30號,45.92,其他,,,1060501,土地0建物1車位0,三層,10,華廈(10層含以下有電梯),住家用,鋼筋混凝土造,0780322,197.98,0,0,0,無,有,無,57000,288,,0.0,0,,RPXOMLMKNHMFFFA78CC
大安區,建物,臺北市大安區仁愛路四段391~420號,17.19,其他,,,1060401,土地0建物1車位0,一層,14,住宅大樓(11層含以上有電梯),商業用,鋼筋混凝土造,,143.87,0,0,0,無,有,有,140000,973,,0.0,0,,RPOPMLMKNHMFFFA97CC
大安區,建物,臺北市大安區大安路二段91~120號,30.26,住,,,1060501,土地0建物1車位0,六層,7,華廈(10層含以下有電梯),住家用,鋼筋混凝土造,0741210,138.51,3,2,2,有,有,有,42000,303,,0.0,0,租金含車位,RPTPMLMKNHMFFFA48CC
內湖區,土地,石潭段四小段331~360地號,688.17,住,,,1060427,土地1建物0車位0,,,其他,,,,0.0,0,0,0,有,無,無,70000,102,,0.0,0,,RPQNMLMKNHMFFCA67CC
中山區,建物,臺北市中山區民權東路二段121~150號,0.0,商,,,1060426,土地0建物0車位0,全,3,透天厝,,加強磚造,,166.44,0,0,0,無,無,無,62000,373,,0.0,0,,RPXNMLMKNHMFFCA38CC
中山區,建物,臺北市中山區新生北路二段62巷1~30號,0.0,商,,,1060420,土地0建物1車位0,十四層,19,住宅大樓(11層含以上有電梯),住家用,鋼骨鋼筋混凝土造,1050322,191.72,4,1,2,有,有,有,86000,449,,0.0,0,,RPQPMLMKNHMFFCA87CC
內湖區,建物,臺北市內湖區東湖路113巷70弄1~30號,14.08,商,,,1060508,土地0建物1車位0,地下層,6,華廈(10層含以下有電梯),商業用,鋼筋混凝土造,0830914,60.52,0,0,0,無,無,有,20000,330,,0.0,0,,RPRPMLMKNHMFFCA97CC
內湖區,建物,臺北市內湖區內湖路一段631~660號,0.0,其他,,,1060415,土地0建物1車位0,八層,18,住宅大樓(11層含以上有電梯),住家用,見其他登記事項,0991123,109.63,3,1,2,有,有,有,51000,465,,0.0,0,,RPSPMLMKNHMFFCA08CC
中山區,建物,臺北市中山區林森北路571~600號,0.0,商,,,1060420,土地0建物1車位1,十一層,13,住宅大樓(11層含以上有電梯),住家用,鋼筋混凝土造,1000726,128.94,2,2,1,有,有,有,65000,504,坡道平面,0.0,0,,RPTPMLMKNHMFFCA18CC
中山區,建物,臺北市中山區中山北路二段77巷1~30號,0.0,商,,,1060417,土地0建物1車位0,十二層,12,住宅大樓(11層含以上有電梯),住家用,鋼筋混凝土造,0981027,113.62,3,1,1,有,有,有,50000,440,,0.0,0,,RPVPMLMKNHMFFCA38CC
中山區,建物,臺北市中山區農安街1~30號,0.0,商,,,1060417,土地0建物1車位0,十四層,14,住宅大樓(11層含以上有電梯),住家用,鋼筋混凝土造,0980622,56.379999999999995,1,1,1,有,有,有,35000,621,,0.0,0,,RPXPMLMKNHMFFCA58CC
中山區,建物,臺北市中山區中山北路二段115巷1~30號,0.0,商,,,1060417,土地0建物1車位0,七層,17,住宅大樓(11層含以上有電梯),商業用,鋼筋混凝土造,0791019,123.33,3,1,2,有,有,有,47495,385,,0.0,0,,RPOQMLMKNHMFFCA77CC
松山區,建物,臺北市松山區八德路二段391~420號,0.0,商,,,1060429,土地0建物1車位0,八層,13,住宅大樓(11層含以上有電梯),見其他登記事項,鋼筋混凝土造,0950823,39.45,1,1,1,有,有,有,25000,634,,0.0,0,,RPXNMLMKNHMFFDA48CC
信義區,建物,臺北市信義區松德路151~180號,9.16,住,,,1060421,土地0建物1車位0,十二層,21,辦公商業大樓,見使用執照,鋼骨混凝土造,0841212,155.04,1,1,1,有,有,有,76200,491,,0.0,0,,RPOOMLMKNHMFFDA67CC
信義區,建物,臺北市信義區松勤街1~30號,0.0,其他,,,1060413,土地0建物1車位0,十五層,19,住宅大樓(11層含以上有電梯),住家用,見其他登記事項,0961225,98.39,1,1,1,有,有,有,65534,666,,0.0,0,,RPPOMLMKNHMFFDA77CC
大同區,建物,臺北市大同區迪化街一段331~360號,0.0,其他,,,1060426,土地0建物1車位0,二層,10,華廈(10層含以下有電梯),住家用,鋼筋混凝土造,1000701,124.68,3,2,2,有,有,無,28000,225,,0.0,0,,RPOOMLMKNHMFFBA47CC
大同區,建物,臺北市大同區重慶北路二段61~90號,0.0,商,,,1060427,土地0建物1車位0,四層,12,辦公商業大樓,商業用,鋼筋混凝土造,0720131,153.71,0,0,0,無,有,無,38000,247,,0.0,0,,RPTOMLMKNHMFFBA97CC
大同區,建物,臺北市大同區市民大道一段181~210號,0.0,其他,,,1060416,土地0建物1車位0,十七層,18,住宅大樓(11層含以上有電梯),住家用,見其他登記事項,0980724,78.02000000000001,1,1,1,有,有,有,55000,705,,0.0,0,,RPVOMLMKNHMFFBA18CC
萬華區,房地(土地+建物),臺北市萬華區內江街121~150號,17.41,住,,,1060429,土地1建物1車位0,三層,18,住宅大樓(11層含以上有電梯),住家用,鋼筋混凝土造,1040210,81.95,2,2,1,有,無,有,25000,305,,0.0,0,,RPOPMLMKNHMFFBA57CC
大同區,建物,臺北市大同區太原路61~90號,0.0,商,,,1060417,土地0建物1車位0,十層,14,住宅大樓(11層含以上有電梯),住家用,鋼筋混凝土造,0971211,68.85,1,1,1,有,有,有,25800,375,,0.0,0,,RPPPMLMKNHMFFBA67CC
松山區,建物,臺北市松山區延吉街31~60號,0.0,,,,1060506,土地0建物1車位0,一層,7,華廈(10層含以下有電梯),見其他登記事項,鋼筋混凝土造,0970917,82.35,0,0,0,無,有,有,50000,607,,0.0,0,,RPRNMLNKNHMFFDA97CC
士林區,建物,臺北市士林區雨聲街58巷1~30號,0.0,住,,,1060401,土地0建物1車位0,二層,7,華廈(10層含以下有電梯),住家用,鋼筋混凝土造,0730907,141.57999999999998,4,2,2,有,無,有,33000,233,,0.0,0,,RPPNMLNKNHMFFEA87CC
北投區,建物,臺北市北投區石牌路二段315巷34弄1~30號,0.0,住,,,1060501,土地0建物1車位0,十四層,14,住宅大樓(11層含以上有電梯),住家用,鋼筋混凝土造,1040804,132.18,3,2,2,有,有,有,33000,250,,0.0,0,,RPQNMLNKNHMFFEA97CC
文山區,建物,臺北市文山區車前路1~30號,0.0,商,,,1060512,土地0建物1車位1,十六層,33,住宅大樓(11層含以上有電梯),住家用,鋼骨鋼筋混凝土造,1040427,215.26,4,2,2,有,有,有,50526,235,坡道平面,0.0,0,,RPQNMLOKNHMFFAA67CC
中正區,建物,臺北市中正區羅斯福路一段61~90號,0.0,商,,,1060505,土地0建物1車位0,四層,12,辦公商業大樓,見使用執照,鋼筋混凝土造,0740408,229.04999999999998,4,2,2,有,有,有,50000,218,,0.0,0,民國106年5月5日至106年7月4日為免租裝潢期。租金含營業稅。,RPPNMLPKNHMFFAA77DC
中山區,房地(土地+建物),臺北市中山區林森北路138巷1~30號,19.5,商,,,1060511,土地1建物1車位0,三層,4,公寓(5樓含以下無電梯),,加強磚造,,70.35,2,1,1,有,無,無,25000,355,,0.0,0,,RPXOMLPKNHMFFCA88DC
士林區,建物,臺北市士林區延平北路五段163巷26弄31~60號,0.0,住,,,1060501,土地0建物1車位0,全,2,透天厝,住家用,磚造,0511001,58.83,2,1,1,有,無,無,15000,255,,0.0,0,,RPOOMLPKNHMFFEA18DC
士林區,建物,臺北市士林區至善路二段421~450號,0.0,住,,,1060501,土地0建物1車位0,一層,3,公寓(5樓含以下無電梯),住家用,加強磚造,0600317,52.61,1,1,1,有,無,無,18000,342,,0.0,0,,RPPOMLPKNHMFFEA28DC
士林區,土地,溪洲段二小段331~360地號,525.37,住,,,1060501,土地1建物0車位0,,,其他,,,,0.0,0,0,0,有,無,無,58000,110,,0.0,0,含地上鐵皮屋一間約100坪,RPROMLPKNHMFFEA48DC
士林區,建物,臺北市士林區重慶北路四段220巷31~60號,0.0,其他,,,1060501,土地0建物2車位0,一層,4,公寓(5樓含以下無電梯),住家用,加強磚造,0580709,140.14,3,2,2,有,無,無,35000,250,,0.0,0,建物二間打通使用,RPUOMLPKNHMFFEA78DC
士林區,建物,臺北市士林區重慶北路四段121~150號,0.0,住,,,1060501,土地0建物1車位0,三層,4,公寓(5樓含以下無電梯),住家用,鋼筋混凝土造,0591103,98.93,4,1,1,有,無,無,13000,131,,0.0,0,,RPXOMLPKNHMFFEA09DC
北投區,建物,臺北市北投區石牌路二段301~330號,0.0,住,,,1060401,土地0建物1車位0,三層,14,住宅大樓(11層含以上有電梯),見其他登記事項,鋼骨鋼筋混凝土造,0930712,135.81,3,2,2,有,有,有,72000,530,,0.0,0,,RPTNMLPKNHMFFEA48CC
士林區,建物,臺北市士林區忠誠路一段100巷1~30號,0.0,,,,1060401,土地0建物1車位0,一層,5,公寓(5樓含以下無電梯),住家用,鋼筋混凝土造,0751103,97.0,3,1,2,有,無,有,25000,258,,0.0,0,,RPUNMLPKNHMFFEA58CC
士林區,建物,臺北市士林區文林路681巷31~60號,0.0,,,,1060401,土地0建物1車位0,全,2,透天厝,住家用,加強磚造,0561020,42.5,1,1,1,有,無,無,16500,388,,0.0,0,,RPWNMLPKNHMFFEA78CC
士林區,房地(土地+建物),臺北市士林區葫蘆街121~150號,0.0,住,,,1060501,土地1建物1車位0,七層,7,華廈(10層含以下有電梯),住家用,鋼筋混凝土造,0860127,125.46000000000001,3,2,2,有,無,有,26000,207,,0.0,0,,RPSOMLPKNHMFFEA48CC
大安區,建物,臺北市大安區復興南路一段121~150號,0.0,商,,,1060401,土地0建物1車位0,五層,16,住宅大樓(11層含以上有電梯),見使用執照,鋼筋混凝土造,0771115,179.73,3,1,2,有,有,有,72000,401,,0.0,0,,RPQNMLPKNHMFFFA28CC
大安區,建物,臺北市大安區復興南路二段1~30號,841.0,商,,,1060401,土地0建物1車位0,一層,11,店面(店鋪),商業用,鋼筋混凝土造,0840907,330.88,0,0,0,無,有,無,280000,846,,0.0,0,,RPOOMLPKNHMFFFA18CC
大安區,建物,臺北市大安區仁愛路四段112巷3弄1~30號,0.0,商,,,1060401,土地0建物1車位0,五層,7,華廈(10層含以下有電梯),住家用,鋼筋混凝土造,0720121,130.51,2,2,1,有,無,有,65000,498,,0.0,0,租金內含管理費。,RPPOMLPKNHMFFFA28CC
信義區,建物,臺北市信義區永吉路30巷121~150號,0.0,住,,,1060427,土地0建物1車位0,三層,7,華廈(10層含以下有電梯),住家用,鋼筋混凝土造,0961231,113.5,2,1,1,有,有,有,37000,326,,0.0,0,,RPRNMLPKNHMFFDA18CC
松山區,建物,臺北市松山區八德路二段437巷6弄1~30號,0.0,住,,,1060504,土地0建物1車位0,十二層,12,住宅大樓(11層含以上有電梯),住家用,鋼骨鋼筋混凝土造,0911030,179.0,3,2,2,有,有,有,73231,409,,0.0,0,,RPTNMLPKNHMFFDA38CC
大同區,建物,臺北市大同區五原路1~30號,0.0,商,,,1060430,土地0建物1車位0,六層,14,住宅大樓(11層含以上有電梯),住家用,鋼筋混凝土造,0981216,78.64,2,1,1,有,有,有,42500,540,,0.0,0,,RPQNMLPKNHMFFBA87CC
萬華區,建物,臺北市萬華區西寧南路121~150號,0.0,商,,,1060427,土地0建物1車位0,九層,27,住宅大樓(11層含以上有電梯),住家用,見其他登記事項,1010320,182.45,4,2,2,有,有,有,70200,385,,0.0,0,,RPSNMLPKNHMFFBA08CC
大同區,建物,臺北市大同區赤峰街31~60號,0.0,住,,,1060501,土地0建物1車位0,九層,13,住宅大樓(11層含以上有電梯),住家用,鋼筋混凝土造,1020829,206.07,3,2,2,有,有,有,85000,412,,0.0,0,租金含第四台、網路、IP電視及清潔費用。,RPXNMLPKNHMFFBA58CC
中山區,建物,臺北市中山區林森北路571~600號,0.0,商,,,1060424,土地0建物1車位0,十三層,13,住宅大樓(11層含以上有電梯),住家用,鋼筋混凝土造,1000726,124.03,2,1,1,有,有,有,60000,484,,0.0,0,,RPPNMLPKNHMFFCA87CC
中山區,建物,臺北市中山區建國北路一段31~60號,0.0,商,,,1060428,土地0建物1車位0,七層,15,住宅大樓(11層含以上有電梯),住家用,鋼筋混凝土造,0960913,121.82,2,1,1,有,有,有,50000,410,,0.0,0,,RPTNMLPKNHMFFCA28CC
中山區,建物,臺北市中山區建國北路一段124巷1~30號,0.0,住,,,1060503,土地0建物1車位0,三層,16,住宅大樓(11層含以上有電梯),住家用,鋼筋混凝土造,0850727,149.43,3,2,2,有,有,有,57000,381,,0.0,0,,RPUNMLPKNHMFFCA38CC
中山區,建物,臺北市中山區中山北路二段151~180號,0.0,商,,,1060428,土地0建物1車位0,五層,14,住宅大樓(11層含以上有電梯),住家用,鋼骨鋼筋混凝土造,0951129,62.77,1,1,1,有,有,有,40000,637,,0.0,0,,RPWNMLPKNHMFFCA58CC
中山區,建物,臺北市中山區中山北路二段151~180號,0.0,商,,,1060429,土地0建物1車位0,七層,14,住宅大樓(11層含以上有電梯),住家用,鋼骨鋼筋混凝土造,0951129,45.25,1,1,1,有,有,有,29000,641,,0.0,0,,RPXNMLPKNHMFFCA68CC
中山區,建物,臺北市中山區林森北路301~330號,0.0,商,,,1060430,土地0建物1車位0,十層,15,住宅大樓(11層含以上有電梯),住家用,見其他登記事項,0990409,75.49000000000001,1,1,1,有,有,有,30000,397,,0.0,0,,RPOOMLPKNHMFFCA87CC
中山區,建物,臺北市中山區撫順街1~30號,0.0,商,,,1060428,土地0建物1車位0,三層,15,住宅大樓(11層含以上有電梯),住家用,鋼筋混凝土造,1000630,112.71000000000001,2,1,1,有,有,有,52529,466,,0.0,0,,RPROMLPKNHMFFCA18CC
中山區,建物,臺北市中山區林森北路571~600號,0.0,商,,,1060502,土地0建物1車位0,十層,13,住宅大樓(11層含以上有電梯),住家用,鋼筋混凝土造,1000726,92.02,2,1,1,有,有,有,55000,598,,0.0,0,,RPTOMLPKNHMFFCA38CC
內湖區,建物,臺北市內湖區內湖路一段411巷62弄1~30號,0.0,住,,,1060428,土地0建物1車位1,四層,14,住宅大樓(11層含以上有電梯),住家用,鋼筋混凝土造,0970331,123.99,3,2,2,有,有,無,44000,355,坡道平面,0.0,0,,RPVOMLPKNHMFFCA58CC
中山區,建物,臺北市中山區天祥路61~90號,0.0,商,,,1060428,土地0建物1車位0,十層,14,住宅大樓(11層含以上有電梯),住家用,鋼筋混凝土造,0931203,66.1,2,1,1,有,有,有,35000,530,,0.0,0,,RPWOMLPKNHMFFCA68CC
中山區,建物,臺北市中山區南京東路一段31~60號,0.0,商,,,1060510,土地0建物1車位0,八層,11,辦公商業大樓,商業用,鋼筋混凝土造,0610607,267.74,0,0,0,無,有,無,100000,373,,0.0,0,租賃面積為部份約81坪(含公設),RPVPMLPKNHMFFCA68CC
中山區,建物,臺北市中山區復興北路421~450號,0.0,住,,,1060502,土地0建物1車位0,二層,12,住宅大樓(11層含以上有電梯),住家用,鋼筋混凝土造,0971015,40.86,1,1,1,有,無,有,19866,486,,0.0,0,,RPTQMLPKNHMFFCA58CC
內湖區,建物,臺北市內湖區麗山街348巷10弄1~30號,0.0,住,,,1060505,土地0建物1車位0,一層,5,公寓(5樓含以下無電梯),住家用,鋼筋混凝土造,0701219,162.62,0,0,0,無,無,無,33333,205,,0.0,0,,RPUQMLPKNHMFFCA68CC
中山區,建物,臺北市中山區建國北路二段1~30號,0.0,住,,,1060506,土地0建物1車位0,四層,14,住宅大樓(11層含以上有電梯),商業用,鋼筋混凝土造,0950713,72.75,1,2,1,有,有,有,35000,481,,0.0,0,租金含管理費。,RPVNMLQKNHMFFCA58CC
中山區,建物,臺北市中山區中山北路二段151~180號,0.0,商,,,1060505,土地0建物1車位0,六層,14,住宅大樓(11層含以上有電梯),住家用,鋼骨鋼筋混凝土造,0951129,64.88,1,1,1,有,有,有,40000,617,,0.0,0,,RPSOMLQKNHMFFCA38CC
中山區,建物,臺北市中山區林森北路571~600號,0.0,商,,,1060503,土地0建物1車位0,三層,13,住宅大樓(11層含以上有電梯),住家用,鋼筋混凝土造,1000726,89.64,1,1,1,有,有,有,57000,636,,0.0,0,,RPTOMLQKNHMFFCA48CC
中山區,建物,臺北市中山區中山北路二段77巷1~30號,0.0,商,,,1060515,土地0建物1車位1,十層,14,住宅大樓(11層含以上有電梯),商業用,鋼筋混凝土造,0901112,105.42,3,1,1,有,有,有,40000,379,坡道平面,26.24,0,,RPVOMLQKNHMFFCA68CC
中山區,建物,臺北市中山區中山北路二段77巷1~30號,0.0,商,,,1060515,土地0建物1車位0,六層,12,住宅大樓(11層含以上有電梯),住家用,鋼筋混凝土造,0981027,84.44,2,1,1,有,有,有,46000,545,,0.0,0,,RPWOMLQKNHMFFCA78CC
中山區,建物,臺北市中山區新生北路二段31~60號,0.0,商,,,1060504,土地0建物1車位0,十五層,17,住宅大樓(11層含以上有電梯),住家用,鋼筋混凝土造,0850718,66.28,2,2,1,有,有,有,36000,543,,0.0,0,,RPXOMLQKNHMFFCA88CC
內湖區,房地(土地+建物),臺北市內湖區內湖路一段91巷1~30號,83.64,住,,,1060515,土地1建物1車位0,一層,5,公寓(5樓含以下無電梯),住家用,鋼筋混凝土造,0730319,94.45,3,1,2,有,無,有,27000,286,,0.0,0,,RPSPMLQKNHMFFCA48CC
中山區,建物,臺北市中山區建國北路二段3巷1~30號,0.0,住,,,1060510,土地0建物1車位0,二層,9,華廈(10層含以下有電梯),商業用,鋼筋混凝土造,0811217,82.4,1,1,1,有,有,有,28000,340,,0.0,0,,RPSQMLQKNHMFFCA58CC
內湖區,建物,臺北市內湖區金湖路155巷1~30號,0.0,住,,,1060506,土地0建物1車位0,三層,6,華廈(10層含以下有電梯),住家用,鋼筋混凝土造,1020221,93.81,3,2,2,有,無,有,26000,277,,0.0,0,,RPTQMLQKNHMFFCA68CC
內湖區,建物,臺北市內湖區臺北市瑞光路391~420號,0.0,工,,,1060512,土地0建物1車位0,見其他登記事項,13,店面(店鋪),商業用,鋼筋混凝土造,0920821,391.93,0,0,0,無,有,無,199500,509,,0.0,0,房租含稅,RPVQMLQKNHMFFCA88CC
內湖區,建物,臺北市內湖區瑞光路112巷58弄1~30號,0.0,住,,,1060511,土地0建物1車位2,全,4,透天厝,住家用,鋼筋混凝土造,0870731,255.02,5,2,4,有,有,有,60000,235,坡道平面,0.0,0,,RPPRMLQKNHMFFCA38CC
中山區,建物,臺北市中山區堤頂大道二段481~510號,0.0,其他,,,1060511,土地0建物1車位0,九層,10,華廈(10層含以下有電梯),商業用,鋼筋混凝土造,0991201,115.84,1,1,1,有,有,有,60000,518,,0.0,0,續約,RPQRMLQKNHMFFCA48CC
中山區,建物,臺北市中山區農安街1~30號,0.0,商,,,1060515,土地0建物2車位0,五層,14,住宅大樓(11層含以上有電梯),商業用,鋼筋混凝土造,0980622,106.86,2,2,1,有,有,有,40000,374,,0.0,0,,RPRRMLQKNHMFFCA58CC
萬華區,建物,臺北市萬華區西園路二段320巷36弄1~30號,0.0,住,,,1060515,土地0建物1車位0,五層,5,公寓(5樓含以下無電梯),住家用,鋼筋混凝土造,0601012,33.12,1,1,1,有,無,有,10000,302,,0.0,0,,RPPNMLQKNHMFFBA87CC
大同區,建物,臺北市大同區市民大道一段181~210號,0.0,其他,,,1060507,土地0建物1車位0,八層,18,套房(1房1廳1衛),住家用,見其他登記事項,0980724,40.78,1,1,1,有,有,有,28000,687,,0.0,0,含管理費,RPVOMLQKNHMFFBA58CC
大同區,建物,臺北市大同區民生西路181~210號,0.0,商,,,1060509,土地0建物1車位0,十二層,13,住宅大樓(11層含以上有電梯),住家用,鋼筋混凝土造,0990401,113.97,2,2,2,有,有,有,43000,377,,0.0,0,,RPOPMLQKNHMFFBA97CC
大同區,建物,臺北市大同區承德路一段31~60號,0.0,商,,,1060508,土地0建物1車位0,七層,12,辦公商業大樓,商業用,鋼筋混凝土造,0781109,190.82999999999998,0,0,0,無,有,無,68000,356,升降機械,0.0,0,,RPTPMLQKNHMFFBA48CC
信義區,建物,臺北市信義區基隆路二段151~180號,0.0,商,,,1060505,土地0建物1車位0,三層,15,住宅大樓(11層含以上有電梯),住家用,鋼筋混凝土造,0990901,130.91,2,1,1,有,有,有,65700,502,,0.0,0,,RPWNMLQKNHMFFDA78CC
松山區,建物,臺北市松山區民權東路五段1~30號,0.0,住,,,1060509,土地0建物1車位0,一層,4,公寓(5樓含以下無電梯),住家用,鋼筋混凝土造,0630725,50.89,0,0,0,無,無,無,32000,629,,0.0,0,(只承租一樓左半部),RPWOMLQKNHMFFDA88CC
松山區,建物,臺北市松山區民權東路五段1~30號,0.0,住,,,1060503,土地0建物1車位0,一層,4,公寓(5樓含以下無電梯),住家用,鋼筋混凝土造,0630725,46.28,0,0,0,無,無,無,26000,562,,0.0,0,(只承租一樓右半部),RPXOMLQKNHMFFDA98CC
南港區,建物,臺北市松山區研究院路二段98巷1~30號,0.0,住,,,1060512,土地0建物1車位0,五層,11,住宅大樓(11層含以上有電梯),住家用,鋼筋混凝土造,1020808,195.97,4,2,2,有,有,有,43000,219,,0.0,0,租金內含管理費5335元,RPPPMLQKNHMFFDA28CC
大安區,建物,臺北市大安區潮州街151~180號,0.0,商,,,1060501,土地0建物1車位0,四層,7,華廈(10層含以下有電梯),住家用,鋼筋混凝土造,0960720,155.15,3,2,1,有,有,有,60000,387,,0.0,0,,RPPNMLQKNHMFFFA28CC
大安區,建物,臺北市大安區大安路一段19巷1~30號,0.0,住,,,1060501,土地0建物1車位0,一層,7,店面(店鋪),住家用,鋼筋混凝土造,0650925,125.51,0,0,0,無,無,無,180000,1434,,0.0,0,第一年租金180000(含稅)第二年租金190000(含稅)第三年租金200000(含稅)第四年租金210000(含稅)第五年租金220000(含稅)第六年租金230000(含稅),RPQNMLQKNHMFFFA38CC
大安區,建物,臺北市大安區信義路四段121~150號,0.0,其他,,,1060501,土地0建物1車位0,六層,12,住宅大樓(11層含以上有電梯),商業用,鋼筋混凝土造,0691124,140.61,1,1,1,有,有,有,27000,192,,0.0,0,,RPTNMLQKNHMFFFA68CC
大安區,建物,臺北市大安區延吉街126巷1~30號,0.0,住,,,1060501,土地0建物1車位0,五層,7,華廈(10層含以下有電梯),住家用,鋼筋混凝土造,0651126,62.04,1,1,1,有,有,有,29750,480,,0.0,0,,RPUNMLQKNHMFFFA78CC
大安區,建物,臺北市大安區安和路二段61~90號,0.0,住,,,1060501,土地0建物1車位0,九層,25,住宅大樓(11層含以上有電梯),住家用,鋼筋混凝土造,0780810,227.7,3,2,2,有,有,有,75000,329,,0.0,0,,RPVNMLQKNHMFFFA88CC
士林區,建物,臺北市士林區芝玉路一段211~240號,0.0,住,,,1060501,土地0建物1車位0,十七層,18,住宅大樓(11層含以上有電梯),住家用,鋼骨鋼筋混凝土造,0971112,140.49,3,2,2,有,有,有,74000,527,,0.0,0,,RPQPMLQKNHMFFEA48CC
文山區,建物,臺北市文山區景華街31~60號,0.0,住,,,1060511,土地0建物1車位0,一層,4,公寓(5樓含以下無電梯),住家用,加強磚造,0561130,95.1,0,1,1,有,無,無,25000,263,,0.0,0,,RPWNMLQKNHMFFAA48CC
文山區,建物,臺北市文山區景興路61~90號,0.0,住,,,1060515,土地0建物2車位0,一層,4,公寓(5樓含以下無電梯),住家用,鋼筋混凝土造,,97.64,0,0,0,無,無,無,35000,358,,0.0,0,有兩個門牌併租,RPQOMLQKNHMFFAA97CC
中正區,建物,臺北市中正區寧波東街9巷1~30號,0.0,住,,,1060505,土地0建物1車位0,二層,4,公寓(5樓含以下無電梯),住家用,鋼筋混凝土造,0600120,131.02,4,2,2,有,無,無,31000,237,,0.0,0,,RPQNMLRKNHMFFAA97CC
文山區,建物,臺北市文山區和興路44巷1~30號,0.0,,,,1060509,土地0建物1車位0,六層,8,華廈(10層含以下有電梯),住家用,鋼筋混凝土造,0890315,170.47,4,2,2,有,有,有,32000,188,,0.0,0,,RPVNMLRKNHMFFAA58DC
士林區,建物,臺北市士林區中山北路六段439巷1~30號,0.0,,,,1060501,土地0建物1車位0,三層,4,公寓(5樓含以下無電梯),住家用,鋼筋混凝土造,0680706,88.56,3,2,1,有,無,無,24000,271,,0.0,0,,RPVNMLRKNHMFFEA88CC
士林區,建物,臺北市士林區中山北路七段190巷121~150號,0.0,農,,,1060501,土地0建物1車位1,全,3,透天厝,住家用,鋼筋混凝土造,0630823,382.37,5,4,6,有,無,無,200000,523,坡道平面,0.0,0,,RPROMLRKNHMFFEA58CC
大安區,建物,臺北市大安區信義路二段86巷1~30號,0.0,住,,,1060501,土地0建物1車位0,四層,5,公寓(5樓含以下無電梯),住家用,鋼筋混凝土造,0690208,91.52,3,2,2,有,無,無,25000,273,,0.0,0,,RPPNMLRKNHMFFFA38CC
大安區,建物,臺北市大安區泰順街40巷1~30號,0.0,住,,,1060501,土地0建物1車位0,一層,4,公寓(5樓含以下無電梯),住家用,加強磚造,,95.52,0,1,1,有,無,無,55000,576,,0.0,0,,RPSNMLRKNHMFFFA68CC
大安區,房地(土地+建物),臺北市大安區大安路一段1~30號,8.66,住,,,1060501,土地1建物1車位0,六層,7,華廈(10層含以下有電梯),住家用,鋼筋混凝土造,0680925,44.94,1,0,1,有,有,無,18000,401,,0.0,0,,RPVNMLRKNHMFFFA98CC
大同區,建物,臺北市大同區迪化街二段180巷1~30號,0.0,住,,,1060503,土地0建物1車位0,二層,4,公寓(5樓含以下無電梯),住家用,鋼筋混凝土造,0651106,68.47,2,1,1,有,無,無,18000,263,,0.0,0,,RPVNMLRKNHMFFBA58CC
大同區,建物,臺北市大同區承德路三段211~240號,0.0,商,,,1060505,土地0建物1車位0,三層,12,住宅大樓(11層含以上有電梯),住家用,鋼筋混凝土造,1020419,77.58,1,1,1,有,有,有,40000,516,,0.0,0,,RPTNMLSKNHMFFBA48CC
萬華區,建物,臺北市萬華區康定路91~120號,0.0,商,,,1060516,土地0建物1車位0,十一層,26,住宅大樓(11層含以上有電梯),住家用,見其他登記事項,1050331,108.72999999999999,2,1,1,有,有,有,33000,304,,0.0,0,,RPUOMLSKNHMFFBA68CC
松山區,建物,臺北市松山區敦化北路199巷16弄1~30號,0.0,住,,,1060515,土地0建物1車位0,四層,7,華廈(10層含以下有電梯),住家用,鋼筋混凝土造,0750714,141.87,3,2,2,有,有,有,43500,307,,0.0,0,,RPRNMLSKNHMFFDA48CC
松山區,建物,臺北市松山區敦化北路4巷1~30號,0.0,住,,,1060510,土地0建物0車位0,一層,7,華廈(10層含以下有電梯),住家用,鋼筋混凝土造,0741228,27.240000000000002,0,1,1,有,無,無,16000,587,,0.0,0,,RPPOMLSKNHMFFDA38CC
松山區,建物,臺北市松山區八德路四段631~660號,0.0,商,,,1060506,土地0建物1車位0,四層,13,套房(1房1廳1衛),住家用,鋼筋混凝土造,1021216,64.22,0,0,0,無,有,有,30000,467,,0.0,0,,RPSOMLSKNHMFFDA68CC
信義區,建物,臺北市信義區永吉路31~60號,0.0,商,,,1060509,土地0建物1車位0,十三層,14,住宅大樓(11層含以上有電梯),住家用,鋼筋混凝土造,0960524,96.00999999999999,2,2,2,有,有,有,34000,354,,0.0,0,,RPVOMLSKNHMFFDA98CC
內湖區,建物,臺北市內湖區江南街61~90號,0.0,住,,,1060509,土地0建物1車位0,一層,5,店面(店鋪),住商用,鋼筋混凝土造,0770204,107.46,0,0,0,無,無,無,65000,605,,0.0,0,,RPUNMLSKNHMFFCA68CC
內湖區,建物,臺北市內湖區瑞光路61~90號,0.0,工,,,1060508,土地0建物1車位6,五層,7,廠辦,見其他登記事項,鋼筋混凝土造,0950725,1466.1799999999998,8,0,0,有,有,無,478558,326,坡道平面,0.0,0,,RPVNMLSKNHMFFCA78CC
中山區,建物,臺北市中山區吉林路241~270號,0.0,商,,,1060504,土地0建物0車位0,二層,3,套房(1房1廳1衛),,加強磚造,,20.22,1,0,1,有,無,有,9500,470,,0.0,0,"本建號有四個房間分A,B,C,D房,本戶D戶成交,總面積81.89平方公尺,D戶承租約20.22平方公尺",RPWNMLSKNHMFFCA88CC
內湖區,建物,臺北市內湖區環山路一段31~60號,0.0,住,,,1060510,土地0建物1車位0,二層,4,公寓(5樓含以下無電梯),住家用,鋼筋混凝土造,0681221,94.7,3,2,1,有,無,有,23000,243,,0.0,0,,RPXNMLSKNHMFFCA98CC
內湖區,建物,臺北市內湖區陽光街92巷24弄1~30號,0.0,住,,,1060515,土地0建物1車位0,一層,5,公寓(5樓含以下無電梯),住家用,鋼筋混凝土造,0711224,70.9,2,2,1,有,無,無,27000,381,,0.0,0,,RPPOMLSKNHMFFCA28CC
大安區,建物,臺北市大安區四維路176巷1~30號,0.0,住,,,1060501,土地0建物1車位0,一層,6,華廈(10層含以下有電梯),住家用,鋼筋混凝土造,0670315,168.94,0,0,2,有,有,無,65000,385,,0.0,0,,RPOOMLSKNHMFFFA48CC
大安區,建物,臺北市大安區臺北市大安區大安路二段61~90號,0.0,住,,,1060501,土地0建物1車位0,二層,12,住宅大樓(11層含以上有電梯),住家用,鋼筋混凝土造,0981113,44.43,0,1,1,有,有,有,28000,630,,0.0,0,,RPPOMLSKNHMFFFA58CC
大安區,建物,臺北市大安區敦化南路一段233巷61~90號,0.0,住,,,1060501,土地0建物1車位0,五層,7,華廈(10層含以下有電梯),住家用,鋼筋混凝土造,0720222,115.27000000000001,3,2,2,有,有,有,58000,503,,0.0,0,,RPQOMLSKNHMFFFA68CC
中正區,建物,臺北市中正區中華路二段451~480號,0.0,住,,,1060515,土地0建物1車位0,一層,7,華廈(10層含以下有電梯),商業用,鋼筋混凝土造,0770615,66.24,2,2,1,有,無,無,28000,423,,0.0,0,,RPOOMLSKNHMFFAA08DC
文山區,房地(土地+建物),臺北市文山區指南路一段31~60號,22.53,商,,,1060514,土地2建物1車位0,十層,19,住宅大樓(11層含以上有電梯),商業用,鋼筋混凝土造,0881104,144.39,4,2,2,有,有,有,30000,208,,0.0,0,租金實拿。租賃期間自民國106年7月1日起至107年6月30日止共計1年。,RPUOMLSKNHMFFAA68DC
文山區,建物,臺北市文山區景中街31~60號,0.0,住,,,1060515,土地0建物1車位0,四層,7,華廈(10層含以下有電梯),住家用,鋼筋混凝土造,0751030,139.13,3,2,2,有,無,有,28000,201,,0.0,0,"管理費1,500元/月",RPVOMLSKNHMFFAA68CC
中正區,房地(土地+建物),臺北市中正區羅斯福路三段244巷9弄1~30號,44.75,住,,,1060510,土地1建物1車位0,三層,4,公寓(5樓含以下無電梯),住家用,加強磚造,0580802,116.55,3,2,2,有,無,無,28000,240,,0.0,0,,RPTNMLTKNHMFFAA48CC
士林區,建物,臺北市士林區至誠路一段121~150號,0.0,住,,,1060501,土地0建物1車位0,全,2,透天厝,住家用,加強磚造,0580124,148.96,4,2,2,有,無,有,73000,490,,0.0,0,,RPXNMLTKNHMFFEA76DC
大安區,建物,臺北市大安區大安路一段52巷1~30號,0.0,住,,,1060501,土地0建物1車位0,四層,7,華廈(10層含以下有電梯),住家用,鋼筋混凝土造,,136.26,2,2,2,有,無,無,55000,404,,0.0,0,,RPUNMLTKNHMFFFA09CC
大安區,建物,臺北市大安區忠孝東路四段170巷6弄1~30號,0.0,住,,,1060501,土地0建物1車位0,五層,7,華廈(10層含以下有電梯),住家用,鋼筋混凝土造,,123.44000000000001,4,2,2,有,無,有,49000,397,,0.0,0,,RPWNMLTKNHMFFFA66CC
大安區,建物,臺北市大安區大安路二段61~90號,0.0,住,,,1060501,土地0建物1車位0,八層,12,套房(1房1廳1衛),住家用,鋼筋混凝土造,0981113,42.87,0,1,1,有,有,有,27000,630,,0.0,0,,RPXNMLTKNHMFFFA76CC
大安區,建物,臺北市大安區斯福路三段301~330號,0.0,商,,,1060501,土地0建物1車位0,十八層,19,住宅大樓(11層含以上有電梯),住家用,鋼筋混凝土造,1020103,309.73,4,2,3,有,無,有,103000,333,,0.0,0,,RPVOMLTKNHMFFFA66CC
大安區,建物,臺北市大安區樂利路5巷7弄1~30號,0.0,住,,,1060501,土地0建物1車位0,五層,5,公寓(5樓含以下無電梯),住家用,鋼筋混凝土造,0730622,133.96,3,2,2,有,無,有,27000,202,,0.0,0,,RPXOMLTKNHMFFFA86CC
中山區,建物,臺北市中山區長安東路一段31~60號,0.0,商,,,1060510,土地0建物1車位0,二層,4,公寓(5樓含以下無電梯),,加強磚造,,79.54,3,2,2,有,無,有,27000,339,,0.0,0,,RPQNMLTKNHMFFCA38CC
內湖區,建物,臺北市內湖區民權東路六段296巷61~90號,40.23,住,,,1060515,土地0建物1車位0,一層,5,公寓(5樓含以下無電梯),住家用,鋼筋混凝土造,0770712,112.66,0,0,0,無,無,無,48000,426,,0.0,0,,RPTNMLTKNHMFFCA68CC
中山區,建物,臺北市中山區明水路631~660號,0.0,商,,,1060515,土地0建物1車位0,六層,9,華廈(10層含以下有電梯),商業用,鋼筋混凝土造,0960503,89.28999999999999,2,2,1,有,有,有,36000,403,,0.0,0,,RPVNMLTKNHMFFCA88CC
內湖區,建物,臺北市內湖區民權東路六段296巷61~90號,40.23,住,,,1060515,土地0建物1車位0,一層,5,公寓(5樓含以下無電梯),住家用,鋼筋混凝土造,0770712,114.24,0,0,0,無,無,無,48000,420,,0.0,0,此租賃為設立補習班,RPTOMLTKNHMFFCA78CC
中山區,建物,臺北市中山區南京東路二段181~210號,0.0,商,,,1060509,土地0建物1車位0,十一層,15,住宅大樓(11層含以上有電梯),住家用,鋼筋混凝土造,0990528,136.03,3,2,2,有,有,有,63000,463,,0.0,0,,RPOPMLTKNHMFFCA38CC
信義區,建物,臺北市信義區莊敬路391~420號,0.0,商,,,1060515,土地0建物1車位0,一層,7,華廈(10層含以下有電梯),商業用,鋼筋混凝土造,0720908,73.72,0,0,0,無,無,有,53000,719,,0.0,0,,RPTNMLTKNHMFFDA78CC
信義區,建物,臺北市信義區松德路31~60號,0.0,住,,,1060512,土地0建物1車位0,一層,12,住宅大樓(11層含以上有電梯),住商用,鋼筋混凝土造,0800123,119.39,0,0,0,無,無,無,63000,528,,0.0,0,該次承租1、2樓、地下室,RPWNMLTKNHMFFDA09CC
松山區,建物,臺北市松山區復興南路一段31~60號,14.48,商,,,1060510,土地0建物1車位0,二層,12,辦公商業大樓,商業用,鋼筋混凝土造,0701203,111.18,1,1,1,有,有,無,38000,342,,0.0,0,,RPPPMLTKNHMFFDA58CC
松山區,建物,臺北市松山區南京東路四段181~210號,0.0,商,,,1060507,土地0建物1車位0,十一層,14,住宅大樓(11層含以上有電梯),住家用,鋼筋混凝土造,0730217,102.28,3,2,2,有,有,有,35000,342,,0.0,0,,RPRPMLTKNHMFFDA78CC
大同區,建物,臺北市大同區萬全街1~30號,0.0,商,,,1060505,土地0建物1車位0,六層,15,住宅大樓(11層含以上有電梯),住家用,鋼筋混凝土造,1041016,84.48,1,1,1,有,有,有,59200,701,,0.0,0,,RPRNMLTKNHMFFBA38CC
中正區,建物,臺北市中正區林森北路9巷1~30號,0.0,商,,,1060516,土地0建物1車位0,五層,6,華廈(10層含以下有電梯),住家用,鋼筋混凝土造,0650816,211.17,4,3,2,有,無,有,55000,260,,0.0,0,,RPUNMLTKNHMFFBA68CC
中正區,建物,臺北市中正區忠孝東路一段61~90號,0.0,住,,,1060516,土地0建物1車位0,三層,14,住宅大樓(11層含以上有電梯),住家用,鋼筋混凝土造,0900913,128.5,3,2,2,有,有,無,32000,249,,0.0,0,,RPQPMLTKNHMFFBA48CC
南港區,建物,臺北市南港區重陽路541~570號,0.0,住,,,1060511,土地0建物1車位1,一層,7,店面(店鋪),住家用,鋼筋混凝土造,0961227,93.6,1,1,1,有,有,有,20000,214,坡道平面,22.44,0,,RPXOMLMLNHMFFDA68CC
信義區,房地(土地+建物),臺北市信義區松仁路121~150號,20.0,住,,,1060508,土地1建物1車位0,四層,12,住宅大樓(11層含以上有電梯),住家用,鋼筋混凝土造,0810602,174.95,3,2,2,有,有,有,55000,314,,0.0,0,,RPRPMLMLNHMFFDA18CC
信義區,建物,臺北市信義區松勇路53巷1~30號,0.0,住,,,1060516,土地0建物1車位1,六層,8,華廈(10層含以下有電梯),住家用,鋼筋混凝土造,0870121,182.09,3,2,2,有,無,有,50000,275,坡道平面,0.0,0,,RPTPMLMLNHMFFDA38CC
松山區,建物,臺北市松山區復興北路1~30號,0.0,商,,,1060515,土地0建物1車位0,六層,16,辦公商業大樓,商業用,鋼筋混凝土造,0710707,302.46999999999997,0,0,0,無,有,無,115000,380,,0.0,0,,RPOQMLMLNHMFFDA97CC
中山區,建物,臺北市中山區林森北路571~600號,0.0,商,,,1060515,土地0建物1車位0,九層,18,住宅大樓(11層含以上有電梯),住家用,鋼筋混凝土造,1000726,184.44,3,2,2,有,有,有,80000,434,,0.0,0,租金內含管理費。,RPSNMLMLNHMFFCA97CC
中山區,建物,臺北市中山區農安街271巷1~30號,0.0,住,,,1060509,土地0建物1車位0,九層,9,華廈(10層含以下有電梯),住家用,鋼筋混凝土造,0831125,147.15,4,2,2,有,有,無,29329,199,,0.0,0,,RPXNMLMLNHMFFCA48CC
內湖區,房地(土地+建物)+車位,臺北市內湖區瑞光路151~180號,55.4,工,,,1060515,土地1建物1車位1,一層,9,廠辦,工業用,鋼筋混凝土造,0910619,279.31,0,0,0,無,有,無,90000,322,坡道平面,29.68,0,,RPXQMLMLNHMFFCA78CC
北投區,建物,臺北市北投區知行路241~270號,0.0,住,,,1060501,土地0建物1車位1,九層,10,華廈(10層含以下有電梯),住家用,鋼筋混凝土造,1000722,85.74000000000001,2,1,1,有,有,有,19000,222,升降機械,18.0,0,租金實拿,RPTNMLMLNHMFFEA38DC
北投區,建物,臺北市北投區裕民二路61~90號,0.0,商,,,1060501,土地0建物1車位1,二層,19,住宅大樓(11層含以上有電梯),見其他登記事項,鋼筋混凝土造,1021108,97.53,2,1,1,有,有,有,58682,915,坡道平面,39.61,5682,,RPVNMLMLNHMFFEA58DC
中正區,建物,臺北市中正區重慶南路三段31~60號,0.0,,,,1060505,土地0建物1車位0,一層,12,店面(店鋪),住家用,鋼筋混凝土造,,127.32,0,0,0,無,無,無,60000,471,,0.0,0,,RPRNMLNLNHMFFAA77CC
中正區,建物,臺北市中正區和平西路一段61~90號,0.0,商,,,1060510,土地0建物1車位0,三層,12,辦公商業大樓,商業用,鋼筋混凝土造,0760114,124.36,0,0,0,無,有,有,43138,347,,0.0,0,,RPSNMLNLNHMFFAA87CC
中正區,建物,臺北市中正區和平西路一段55巷1~30號,0.0,住,,,1060505,土地0建物1車位0,三層,7,華廈(10層含以下有電梯),住家用,鋼筋混凝土造,0990903,125.13,2,2,1,有,有,有,70000,559,,0.0,0,,RPSOMLNLNHMFFAA97CC
大安區,建物,臺北市大安區信義路四段271~300號,0.0,商,,,1060501,土地0建物1車位0,七層,15,辦公商業大樓,商業用,鋼筋混凝土造,0741107,166.0,0,0,0,無,有,無,85000,512,,0.0,0,"1)租金含5%營業稅2)本案為部分租賃,面積以房東提供為主",RPSNMLNLNHMFFFA38CC
北投區,建物,臺北市北投區榮華三路31~60號,0.0,住,,,1060501,土地0建物1車位0,一層,4,公寓(5樓含以下無電梯),住家用,鋼筋混凝土造,0620131,81.16,2,2,2,有,無,有,32000,394,,0.0,0,,RPWOMLNLNHMFFEA78CC
士林區,建物,臺北市士林區忠誠路二段31~60號,0.0,住,,,1060501,土地0建物1車位1,十三層,17,住宅大樓(11層含以上有電梯),住家用,鋼筋混凝土造,0761116,206.78,4,2,3,有,有,有,75000,363,坡道平面,0.0,5000,,RPTPMLNLNHMFFEA58CC
中山區,建物,臺北市中山區南京東路三段61~90號,0.0,商,,,1060512,土地0建物1車位3,九層,16,辦公商業大樓,商業用,鋼筋混凝土造,0811012,742.06,0,0,0,無,有,無,416429,561,坡道平面,0.0,0,租金含5%營業稅,RPUNMLNLNHMFFCA28CC
中山區,建物,臺北市中山區中山北路二段65巷1~30號,0.0,商,,,1060511,土地0建物1車位1,十四層,14,住宅大樓(11層含以上有電梯),商業用,鋼筋混凝土造,0901112,103.03999999999999,2,2,1,有,有,有,45500,442,坡道機械,0.0,0,,RPPOMLNLNHMFFCA87CC
中山區,建物,臺北市中山區松江路361~390號,0.0,商,,,1060516,土地0建物1車位3,四層,9,辦公商業大樓,商業用,鋼筋混凝土造,0850607,539.22,0,0,0,無,有,無,172000,319,升降平面,0.0,0,租金含10%租賃所得稅及1.91%補充保費,RPROMLNLNHMFFCA08CC
中山區,建物,臺北市中山區北安路554巷1~30號,0.0,住,,,1060509,土地0建物1車位1,十一層,13,住宅大樓(11層含以上有電梯),住家用,鋼筋混凝土造,0821221,118.3,3,2,2,有,有,有,48000,406,坡道機械,0.0,0,,RPRPMLNLNHMFFCA18CC
中山區,建物,臺北市中山區松江路164巷1~30號,0.0,住,,,1060513,土地0建物1車位0,四層,7,華廈(10層含以下有電梯),住家用,鋼筋混凝土造,0611015,152.76,3,2,2,有,有,有,50000,327,,0.0,0,,RPSPMLNLNHMFFCA28CC
中山區,建物,臺北市中山區龍江路1~30號,0.0,商,,,1060513,土地0建物1車位0,十二層,12,住宅大樓(11層含以上有電梯),住家用,鋼筋混凝土造,0941208,86.22999999999999,1,1,1,有,有,有,28000,325,,0.0,0,,RPPQMLNLNHMFFCA08CC
中山區,建物,臺北市中山區龍江路1~30號,0.0,商,,,1060513,土地0建物1車位0,十二層,12,住宅大樓(11層含以上有電梯),住家用,鋼筋混凝土造,0941208,89.50999999999999,2,1,1,有,有,有,28500,318,,0.0,0,,RPQQMLNLNHMFFCA18CC
中山區,建物,臺北市中山區八德路二段331~360號,0.0,商,,,1060516,土地0建物1車位0,見其他登記事項,2,店面(店鋪),,加強磚造,,150.68,0,0,0,無,無,無,108675,721,,0.0,0,,RPRRMLNLNHMFFCA38CC
中山區,建物,臺北市中山區長春路151~180號,0.0,商,,,1060503,土地0建物1車位0,五層,12,辦公商業大樓,商業用,鋼筋混凝土造,0721013,101.71000000000001,2,1,2,有,有,有,40300,396,,0.0,0,,RPOSMLNLNHMFFCA18CC
松山區,建物,臺北市松山區民生東路三段121~150號,0.0,其他,,,1060510,土地0建物0車位0,七層,14,辦公商業大樓,商業用,鋼筋混凝土造,0751008,152.06,1,1,2,有,有,有,91770,604,,0.0,0,,RPPQMLNLNHMFFDA18CC
中正區,建物,臺北市中正區臨沂街29巷1~30號,0.0,住,,,1060504,土地0建物1車位0,六層,7,華廈(10層含以下有電梯),住家用,鋼筋混凝土造,1011122,123.32,2,1,1,有,有,有,58500,474,,0.0,0,,RPQOMLNLNHMFFBA87CC
大同區,建物,臺北市大同區承德路三段241~270號,0.0,商,,,1060503,土地0建物1車位0,六層,12,住宅大樓(11層含以上有電梯),住家用,鋼筋混凝土造,1010918,149.76,3,2,2,有,有,有,63000,421,,0.0,0,租金內含管理費。,RPWOMLOLNHMFFBA58CC
大同區,建物,臺北市大同區承德路三段31~60號,0.0,商,,,1060507,土地0建物1車位0,一層,4,店面(店鋪),,加強磚造,,92.96,0,0,0,無,無,無,45408,488,,0.0,0,,RPXOMLOLNHMFFBA68CC
大同區,建物,臺北市大同區長安西路121~150號,0.0,商,,,1060509,土地0建物1車位0,七層,14,辦公商業大樓,見其他登記事項,鋼筋混凝土造,0951014,218.79000000000002,2,0,1,有,有,有,84000,384,,0.0,0,,RPPPMLOLNHMFFBA97CC
中正區,建物,臺北市中正區忠孝東路一段121~150號,0.0,商,,,1060515,土地0建物1車位0,四層,11,辦公商業大樓,住家用,鋼筋混凝土造,0631105,204.02,0,0,2,有,有,無,75000,368,,0.0,0,,RPQPMLOLNHMFFBA08CC
松山區,建物,臺北市松山區復興北路301~330號,0.0,住,,,1060516,土地0建物1車位0,一層,1,店面(店鋪),商業用,鋼造,0671220,321.17,0,0,0,無,無,無,440000,1370,,0.0,0,,RPRNMLOLNHMFFDA18CC
信義區,建物,臺北市信義區吳興街118巷16弄1~30號,0.0,住,,,1060508,土地0建物1車位0,一層,7,華廈(10層含以下有電梯),見使用執照,鋼筋混凝土造,0730314,133.61,2,2,2,有,無,無,45000,337,,0.0,0,,RPSOMLOLNHMFFDA38CC
松山區,建物,臺北市松山區慶城街61~90號,0.0,住,,,1060515,土地0建物1車位1,十四層,17,住宅大樓(11層含以上有電梯),住家用,鋼筋混凝土造,0761230,238.34,4,2,2,有,有,有,79000,331,坡道平面,0.0,0,,RPTOMLOLNHMFFDA48CC
內湖區,建物,臺北市內湖區民權東路六段121~150號,0.0,住,,,1060509,土地0建物1車位1,四層,5,公寓(5樓含以下無電梯),住家用,鋼筋混凝土造,0730130,94.92999999999999,3,2,2,有,有,有,47000,495,坡道平面,0.0,0,,RPTOMLOLNHMFFCA38CC
中山區,建物,臺北市中山區建國北路二段31~60號,0.0,商,,,1060515,土地0建物1車位0,十一層,15,辦公商業大樓,商業用,鋼筋混凝土造,0771205,162.1,0,0,0,無,有,有,66000,407,,0.0,0,,RPWOMLOLNHMFFCA68CC
中山區,建物,臺北市中山區北安路501巷43弄1~30號,0.0,住,,,1060515,土地0建物1車位0,二層,4,公寓(5樓含以下無電梯),住家用,鋼筋混凝土造,0660906,116.08,3,2,2,有,無,有,28000,241,,0.0,0,,RPPPMLOLNHMFFCA08CC
中山區,建物,臺北市中山區中山北路二段65巷1~30號,0.0,商,,,1060508,土地0建物1車位0,九層,14,住宅大樓(11層含以上有電梯),商業用,鋼筋混凝土造,0901112,66.69,2,2,1,有,有,有,31000,465,,0.0,0,租金含管理費。,RPSPMLOLNHMFFCA38CC
中山區,建物,臺北市中山區堤頂大道二段361~390號,0.0,住,,,1060516,土地0建物1車位1,六層,11,住宅大樓(11層含以上有電梯),住家用,鋼筋混凝土造,0931230,189.82999999999998,3,2,2,有,有,有,50000,263,坡道平面,30.27,0,,RPTPMLOLNHMFFCA48CC
中山區,建物,臺北市中山區復興北路61~90號,0.0,商,,,1060510,土地0建物1車位0,五層,12,住宅大樓(11層含以上有電梯),商業用,鋼筋混凝土造,0700320,86.63000000000001,2,2,1,有,有,有,30000,346,,0.0,0,,RPUPMLOLNHMFFCA58CC
大安區,建物,臺北市大安區安和路一段31~60號,0.0,其他,,,1060501,土地0建物1車位0,二層,12,住宅大樓(11層含以上有電梯),住家用,鋼筋混凝土造,,147.99,3,2,2,有,有,無,62437,422,,0.0,0,,RPWNMLOLNHMFFFA88CC
大安區,建物,臺北市大安區忠孝東路四段151~180號,0.0,商,,,1060501,土地0建物1車位0,七層,12,住宅大樓(11層含以上有電梯),,鋼筋混凝土造,,233.04,0,0,0,無,有,無,70000,300,,0.0,0,,RPXNMLOLNHMFFFA98CC
大安區,建物,臺北市大安區溫州街48巷1~30號,0.0,住,,,1060501,土地0建物1車位0,二層,6,華廈(10層含以下有電梯),住家用,鋼筋混凝土造,0980818,78.33,2,2,1,有,有,有,36000,460,,0.0,0,,RPRNMLPLNHMFFFA48CC
大安區,建物,臺北市大安區瑞安街208巷58弄1~30號,0.0,住,,,1060501,土地0建物1車位1,六層,11,住宅大樓(11層含以上有電梯),住家用,鋼筋混凝土造,0850628,204.17,3,2,2,有,有,有,60000,294,坡道平面,0.0,0,,RPUNMLPLNHMFFFA78CC
大安區,建物,臺北市大安區忠孝東路四段301~330號,0.0,商,,,1060501,土地0建物1車位0,十一層,14,辦公商業大樓,見其他登記事項,見其他登記事項,0990324,145.73000000000002,3,1,1,有,有,有,52000,357,,0.0,0,,RPPOMLPLNHMFFFA38CC
士林區,建物,臺北市士林區福華路151~180號,0.0,住,,,1060501,土地0建物1車位0,四層,12,住宅大樓(11層含以上有電梯),住家用,鋼筋混凝土造,0931231,134.09,3,2,2,有,有,有,60000,447,,0.0,0,,RPPOMLPLNHMFFEA28CC
中山區,建物,臺北市中山區新生北路二段31~60號,0.0,商,,,1060511,土地0建物1車位0,九層,17,住宅大樓(11層含以上有電梯),住家用,鋼筋混凝土造,0850718,61.16,2,2,1,有,有,有,30000,491,,0.0,0,含管理費。,RPWNMLPLNHMFFCA68CC
中山區,建物,臺北市中山區松江路184巷26弄1~30號,0.0,住,,,1060513,土地0建物1車位0,三層,9,華廈(10層含以下有電梯),住家用,鋼筋混凝土造,0971202,87.37,2,2,1,有,有,有,38000,435,,0.0,0,,RPROMLPLNHMFFCA28CC
中山區,建物,臺北市中山區新生北路二段31~60號,0.0,住,,,1060515,土地0建物1車位0,六層,19,住宅大樓(11層含以上有電梯),住家用,鋼骨鋼筋混凝土造,0980916,208.02,4,2,2,有,有,有,70000,337,,0.0,0,含管理費。,RPUOMLPLNHMFFCA58CC
中山區,建物,臺北市中山區林森北路361~390號,0.0,商,,,1060512,土地0建物1車位0,十七層,18,住宅大樓(11層含以上有電梯),商業用,鋼筋混凝土造,0980916,208.74,3,2,2,有,有,有,100000,479,,0.0,0,租金含管理費、有線電視及網路費用。,RPSPMLPLNHMFFCA48CC
中正區,建物,臺北市中正區衡陽路1~30號,0.0,商,,,1060427,土地0建物0車位0,全,3,透天厝,,磚造,,146.37,0,2,1,有,無,無,87000,594,,0.0,0,本案為透天1~3樓建物，此次租賃範圍為1樓西側部份店面49.5平方公尺及3樓全部96.87平方公尺，共約146.37平方公尺。,RPTOMLPLNHMFFBA38CC
大同區,建物,臺北市大同區迪化街一段151~180號,167.0,其他,,,1060426,土地0建物1車位0,全,3,透天厝,見其他登記事項,鋼筋混凝土造,1010910,132.43,0,0,0,無,無,無,60000,453,,0.0,0,,RPQNMLQLNHMFFBA08CC
信義區,建物,臺北市信義區信義路五段91~120號,0.0,其他,,,1060516,土地0建物1車位0,十二層,19,住宅大樓(11層含以上有電梯),住家用,鋼筋混凝土造,0980702,89.46,1,1,1,有,有,有,63000,704,,0.0,0,,RPTOMLQLNHMFFDA68CC
信義區,建物,臺北市信義區松勇路69巷1~30號,0.0,其他,,,1060504,土地0建物1車位1,十二層,22,住宅大樓(11層含以上有電梯),住家用,見其他登記事項,1010528,414.3,4,2,3,有,有,有,340000,821,坡道平面,39.32,0,,RPUOMLQLNHMFFDA78CC
信義區,建物,臺北市信義區信義路五段121~150號,0.0,其他,,,1060504,土地0建物1車位1,十二層,25,住宅大樓(11層含以上有電梯),住家用,見其他登記事項,0931130,267.93,3,2,2,有,有,有,149000,556,坡道平面,36.43,0,,RPQPMLQLNHMFFDA48CC
信義區,建物,臺北市信義區松仁路121~150號,0.0,其他,,,1060515,土地0建物1車位1,九層,14,住宅大樓(11層含以上有電梯),住家用,鋼骨鋼筋混凝土造,0960412,530.5600000000001,4,2,4,有,有,有,320000,603,坡道平面,37.77,0,,RPRPMLQLNHMFFDA58CC
中山區,建物,臺北市中山區南京東路二段151~180號,0.0,商,,,1060512,土地0建物1車位0,十一層,11,辦公商業大樓,商業用,鋼筋混凝土造,0611115,425.15,0,0,0,無,有,無,210000,494,,0.0,0,,RPSNMLQLNHMFFCA38CC
中山區,建物,臺北市中山區林森北路631~660號,0.0,商,,,1060507,土地0建物1車位0,五層,9,套房(1房1廳1衛),住家用,鋼筋混凝土造,0961024,75.03,1,1,1,有,有,有,23000,307,,0.0,0,,RPXQMLQLNHMFFCA56CC
內湖區,建物,臺北市內湖區行善路111巷1~30號,0.0,商,,,1060508,土地0建物1車位1,十二層,13,住宅大樓(11層含以上有電梯),見其他登記事項,鋼筋混凝土造,0971217,198.18,3,2,2,有,有,有,68112,344,坡道平面,30.4,0,,RPORMLQLNHMFFCA38CC
內湖區,建物,臺北市內湖區內湖路二段253巷31~60號,0.0,住,,,1060508,土地0建物1車位1,四層,11,住宅大樓(11層含以上有電梯),住家用,鋼筋混凝土造,0971008,123.06,3,2,2,有,有,有,38000,309,升降機械,0.0,0,,RPVRMLQLNHMFFCA09CC
士林區,建物,臺北市士林區天母東路31~60號,0.0,商,,,1060501,土地0建物1車位0,九層,12,住宅大樓(11層含以上有電梯),住家用,鋼筋混凝土造,0751017,174.63,4,2,2,有,有,有,58000,332,,0.0,0,,RPVNMLQLNHMFFEA88CC
士林區,建物,臺北市士林區中山北路六段157巷1~30號,0.0,工,,,1060501,土地0建物1車位0,十五層,15,住宅大樓(11層含以上有電梯),見其他登記事項,鋼筋混凝土造,0971002,117.03,2,2,2,有,有,有,65960,564,,0.0,0,,RPVOMLQLNHMFFEA98CC
大安區,建物,臺北市大安區光復南路240巷1~30號,0.0,其他,,,1060501,土地0建物1車位0,五層,12,住宅大樓(11層含以上有電梯),住家用,鋼筋混凝土造,,193.20999999999998,4,2,2,有,有,有,66300,343,,0.0,0,,RPTNMLQLNHMFFFA78CC
大安區,建物,臺北市大安區瑞安街208巷31~60號,0.0,住,,,1060501,土地0建物1車位0,五層,7,套房(1房1廳1衛),住家用,鋼筋混凝土造,1040511,41.74,0,1,1,有,有,有,30000,719,,0.0,0,,RPUOMLQLNHMFFFA98CC
內湖區,房地(土地+建物),臺北市內湖區康樂街186巷1~30號,9.89,住,,,1060515,土地1建物1車位0,三層,7,華廈(10層含以下有電梯),住家用,鋼筋混凝土造,0850517,34.99,0,0,0,無,有,有,12000,343,,0.0,0,,RPTQMLQLNHMFFCA88DC
萬華區,建物,臺北市萬華區西昌街121~150號,800.0,商,,,1060503,土地0建物1車位0,五層,7,辦公商業大樓,商業用,鋼筋混凝土造,0791128,563.84,0,0,0,無,無,無,120000,213,,0.0,0,,RPPNMLSLNHMFFBA18CC
中山區,建物,臺北市中山區樂群二路181~210號,0.0,其他,,,1060515,土地0建物0車位0,五層,11,辦公商業大樓,見其他登記事項,見其他登記事項,1040310,452.61,1,0,0,有,有,無,176000,389,坡道平面,97.98,0,,RPPNMLTLNHMFFCA48DC
中山區,建物,臺北市中山區樂群二路181~210號,0.0,其他,,,1060515,土地0建物0車位0,五層,11,辦公商業大樓,見其他登記事項,見其他登記事項,1040310,113.16,1,0,0,有,有,無,44000,389,坡道平面,24.51,0,,RPQNMLTLNHMFFCA58DC
南港區,建物,臺北市南港區八德路四段871~900號,0.0,商,,,1060507,土地0建物1車位0,一層,16,辦公商業大樓,商業用,鋼筋混凝土造,0841219,30.03,0,0,0,無,有,無,11000,366,,0.0,0,,RPQNMLKMNHMFFDA77CC
松山區,建物,臺北市松山區復興北路31~60號,0.0,商,,,1060505,土地0建物1車位0,七層,12,住宅大樓(11層含以上有電梯),商業用,鋼筋混凝土造,0710630,126.67,4,2,2,有,有,無,51000,403,,0.0,0,,RPOOMLLMNHMFFDA77CC
松山區,建物,臺北市松山區復興北路427巷1~30號,0.0,住,,,1060503,土地0建物1車位0,九層,11,套房(1房1廳1衛),住家用,鋼筋混凝土造,0971013,33.849999999999994,1,1,1,有,有,無,20000,591,,0.0,0,,RPPOMLLMNHMFFDA87CC
松山區,建物,臺北市松山區民生東路五段181~210號,0.0,商,,,1060503,土地0建物2車位0,一層,16,店面(店鋪),商業用,鋼筋混凝土造,0721229,101.7,0,0,0,無,有,無,170280,1674,,0.0,0,,RPSOMLLMNHMFFDA18CC
松山區,建物,臺北市松山區南京東路五段211~240號,0.0,其他,,,1060512,土地0建物1車位0,十八層,18,住宅大樓(11層含以上有電梯),住家用,鋼筋混凝土造,0980331,69.77,1,1,1,有,有,有,44000,631,,0.0,0,,RPUOMLLMNHMFFDA38CC
松山區,建物,臺北市松山區復興北路81巷1~30號,0.0,商,,,1060516,土地0建物1車位0,七層,10,住宅大樓(11層含以上有電梯),住家用,鋼筋混凝土造,1001031,224.51999999999998,3,2,2,有,有,有,75000,334,,0.0,0,租金內含管理費。,RPWOMLLMNHMFFDA58CC
大同區,建物,臺北市大同區民權西路121~150號,0.0,商,,,1060506,土地0建物1車位0,十層,14,套房(1房1廳1衛),住家用,鋼筋混凝土造,0970623,40.15,1,1,1,有,有,無,18000,448,,0.0,0,,RPUNMLLMNHMFFBA08CC
中山區,建物,臺北市中山區南京東路一段1~30號,0.0,商,,,1060509,土地0建物1車位0,五層,10,辦公商業大樓,,鋼筋混凝土造,0561031,98.33,0,0,0,無,有,無,35000,356,,0.0,0,,RPTOMLLMNHMFFCA18CC
中山區,建物,臺北市中山區新生北路三段68巷1~30號,0.0,商,,,1060505,土地0建物1車位0,四層,5,套房(1房1廳1衛),商業用,鋼筋混凝土造,0851011,32.83,1,1,1,有,有,無,15500,472,,0.0,0,,RPUOMLLMNHMFFCA28CC
內湖區,土地,潭美段三小段511~540地號,1536.0,工,,,1060510,土地2建物0車位0,,,其他,,,,0.0,0,0,0,有,無,有,240000,156,,0.0,0,建物為未保存登記,RPWOMLLMNHMFFCA48CC
中山區,建物,臺北市中山區建國北路二段211~240號,0.0,住,,,1060503,土地0建物1車位0,八層,15,住宅大樓(11層含以上有電梯),住家用,鋼筋混凝土造,0990924,153.52,4,2,2,有,有,有,56000,365,,0.0,0,,RPPPMLLMNHMFFCA87CC
中山區,建物,臺北市中山區新生北路二段61~90號,0.0,商,,,1060515,土地0建物1車位0,六層,12,套房(1房1廳1衛),商業用,鋼筋混凝土造,0861115,39.3,1,1,1,有,有,無,16000,407,,0.0,0,,RPQPMLLMNHMFFCA97CC
中山區,建物,臺北市中山區林森北路301~330號,0.0,商,,,1060510,土地0建物1車位0,四層,14,住宅大樓(11層含以上有電梯),商業用,鋼筋混凝土造,0920213,72.27,1,1,1,有,有,有,18000,249,,0.0,0,,RPWPMLLMNHMFFCA58CC
內湖區,建物,臺北市內湖區瑞光路7巷1~30號,0.0,住,,,1060516,土地0建物1車位0,七層,8,華廈(10層含以下有電梯),住家用,鋼筋混凝土造,0941221,117.55,2,2,1,有,無,有,30000,255,,0.0,0,,RPPQMLLMNHMFFCA97CC
中山區,建物,臺北市中山區松江路93巷1~30號,0.0,住,,,1060515,土地0建物1車位0,五層,6,華廈(10層含以下有電梯),住家用,鋼筋混凝土造,0860417,149.54000000000002,3,1,2,有,有,有,69000,461,,0.0,0,,RPRQMLLMNHMFFCA18CC
中山區,建物,臺北市中山區農安街271巷1~30號,0.0,住,,,1060505,土地0建物2車位0,八層,9,華廈(10層含以下有電梯),住家用,鋼筋混凝土造,0831125,255.10000000000002,6,4,4,有,有,無,72000,282,,0.0,0,,RPTQMLLMNHMFFCA38CC
大安區,建物,臺北市大安區仁愛路四段151巷31~60號,0.0,住,,,1060501,土地0建物1車位0,三層,14,住宅大樓(11層含以上有電梯),住家用,鋼筋混凝土造,0790420,176.01000000000002,3,1,2,有,有,有,53000,301,,0.0,0,,RPVNMLLMNHMFFFA58CC
士林區,建物,臺北市士林區中山北路七段14巷5弄1~30號,0.0,商,,,1060501,土地0建物1車位0,二層,13,住宅大樓(11層含以上有電梯),住家用,鋼筋混凝土造,0971118,179.11,3,1,2,有,有,有,92000,514,,0.0,0,,RPPOMLLMNHMFFEA97CC
北投區,建物,臺北市北投區石牌路二段325巷1~30號,0.0,住,,,1060501,土地0建物1車位1,四層,14,住宅大樓(11層含以上有電梯),住家用,鋼骨鋼筋混凝土造,0930712,196.0,4,2,2,有,有,有,70000,357,坡道平面,8.14,0,,RPSOMLLMNHMFFEA28CC
士林區,建物,臺北市士林區忠誠路二段181~210號,0.0,住,,,1060501,土地0建物1車位1,十四層,26,住宅大樓(11層含以上有電梯),住家用,鋼骨混凝土造,0841103,406.68,4,2,3,有,無,無,200000,492,坡道平面,0.0,0,,RPOOMLLJOHMFFEA67CC
士林區,建物,臺北市士林區中山北路七段219巷1~30號,0.0,住,,,1060501,土地0建物1車位3,三層,5,華廈(10層含以下有電梯),住家用,鋼筋混凝土造,0951110,456.21000000000004,5,2,3,有,有,無,200000,438,坡道平面,0.0,0,,RPPOMLLJOHMFFEA77CC
內湖區,建物,臺北市內湖區內湖路一段91巷102弄1~30號,0.0,,,,1060503,土地0建物1車位1,七層,9,華廈(10層含以下有電梯),住家用,鋼筋混凝土造,0820114,192.05,3,2,2,有,有,無,38500,200,坡道平面,0.0,0,,RPWPMLLJOHMFFCA48DC
中正區,建物,臺北市中正區南昌路一段91~120號,0.0,商,,,1060506,土地0建物1車位0,九層,15,住宅大樓(11層含以上有電梯),住家用,鋼筋混凝土造,0980403,46.34,1,1,1,有,有,有,24500,529,,0.0,0,,RPRNMLLJOHMFFAA47CC
中山區,建物,臺北市中山區林森北路85巷61~90號,0.0,商,,,1060515,土地0建物0車位0,四層,5,公寓(5樓含以下無電梯),住家用,鋼筋混凝土造,0700630,26.25,4,4,4,有,有,有,12000,457,,0.0,0,,RPVNMLLJOHMFFCA08CC
大同區,建物,臺北市大同區市民大道一段181~210號,0.0,其他,,,1060510,土地0建物1車位0,九層,18,住宅大樓(11層含以上有電梯),住家用,見其他登記事項,0980724,47.21,1,1,1,有,有,有,40000,847,,0.0,0,,RPROMLLJOHMFFBA67CC
中正區,建物,臺北市中正區徐州路1~30號,0.0,住,,,1060512,土地0建物1車位0,四層,9,華廈(10層含以下有電梯),住家用,鋼筋混凝土造,1020125,105.03,2,1,1,有,有,有,70000,666,,0.0,0,,RPXQMLMJOHMFFBA58CC
中正區,建物,臺北市中正區懷寧街91~120號,0.0,商,,,1060509,土地0建物2車位0,三層,8,華廈(10層含以下有電梯),,鋼筋混凝土造,,152.26000000000002,0,1,2,有,無,有,65000,427,,0.0,0,,RPRRMLMJOHMFFBA08CC
信義區,建物,臺北市信義區忠孝東路五段391~420號,0.0,,,,1060222,土地0建物1車位0,五層,18,辦公商業大樓,見使用執照,鋼筋混凝土造,0860121,61.31,0,0,0,無,無,無,30650,500,,0.0,0,,RPPPMLMJOHMFFDA87CC
松山區,建物,臺北市松山區八德路四段121~150號,0.0,住,,,1060516,土地0建物1車位1,五層,7,辦公商業大樓,商業用,鋼筋混凝土造,0810131,215.94,0,0,0,無,有,無,69000,320,坡道平面,0.0,0,,RPSPMLMJOHMFFDA18CC
信義區,建物,臺北市信義區信義路四段361~390號,0.0,商,,,1060504,土地0建物1車位0,六層,12,住宅大樓(11層含以上有電梯),住家用,鋼筋混凝土造,0660402,73.78999999999999,1,1,1,有,有,無,19800,268,,0.0,0,,RPUPMLMJOHMFFDA38CC
中山區,房地(土地+建物),臺北市中山區南京東路一段132巷1~30號,12.06,商,,,1060510,土地1建物1車位0,四層,9,住宅大樓(11層含以上有電梯),住家用,鋼筋混凝土造,0711115,78.12,2,1,1,有,無,有,45000,576,,0.0,0,,RPWPMLMJOHMFFCA48CC
中山區,建物,臺北市中山區中山北路一段53巷1~30號,0.0,商,,,1060515,土地0建物1車位0,九層,12,住宅大樓(11層含以上有電梯),住家用,鋼筋混凝土造,0970104,48.83,1,1,1,有,有,有,29500,604,,0.0,0,,RPXPMLMJOHMFFCA58CC
中山區,建物,臺北市中山區松江路69巷1~30號,0.0,住,,,1060516,土地0建物1車位0,二層,7,華廈(10層含以下有電梯),住家用,鋼筋混凝土造,1020903,70.5,1,1,1,有,有,有,30000,426,,0.0,0,,RPOQMLMJOHMFFCA77CC
中山區,建物,臺北市中山區民生西路3巷1~30號,0.0,商,,,1060515,土地0建物1車位0,五層,11,辦公商業大樓,見使用執照,鋼骨鋼筋混凝土造,0601115,179.34,0,0,0,無,有,無,108500,605,,0.0,0,,RPRQMLMJOHMFFCA08CC
內湖區,建物,臺北市內湖區堤頂大道二段271~300號,0.0,其他,,,1060516,土地0建物1車位0,五層,10,辦公商業大樓,工業用,鋼筋混凝土造,0980116,319.18,0,0,0,無,有,無,111300,349,,0.0,0,,RPTQMLMJOHMFFCA28CC
內湖區,建物,臺北市內湖區內湖路三段329巷1~30號,0.0,住,,,1060506,土地0建物1車位0,五層,5,公寓(5樓含以下無電梯),住家用,鋼筋混凝土造,0740111,75.63,2,1,1,有,無,有,17000,225,,0.0,0,,RPPNMLNJOHMFFCA67CC
中山區,建物,臺北市中山區敬業一路151~180號,0.0,商,,,1060512,土地0建物1車位0,七層,11,住宅大樓(11層含以上有電梯),商業用,鋼筋混凝土造,0970328,80.50999999999999,2,1,1,有,有,有,32000,397,,0.0,0,租金內含大樓管理費,RPQNMLNJOHMFFCA77CC
中山區,建物,臺北市中山區松江路69巷1~30號,0.0,住,,,1060511,土地0建物1車位0,五層,7,華廈(10層含以下有電梯),住家用,鋼筋混凝土造,1020903,89.57,2,1,1,有,有,有,49949,558,,0.0,0,,RPTNMLNJOHMFFCA08CC
內湖區,建物,臺北市內湖區金湖路31~60號,0.0,住,,,1060516,土地0建物1車位0,七層,14,住宅大樓(11層含以上有電梯),住家用,鋼筋混凝土造,0920930,165.32,4,2,2,有,有,有,70000,423,,0.0,0,,RPUNMLNJOHMFFCA18CC
內湖區,房地(土地+建物),臺北市內湖區瑞光路112巷1~30號,225.19,工,,,1060508,土地1建物1車位0,三層,6,辦公商業大樓,工業用,鋼筋混凝土造,0880630,225.19,1,0,0,有,有,無,64714,287,,0.0,0,,RPXNMLNJOHMFFCA48CC
南港區,建物,臺北市南港區重陽路511~540號,0.0,住,,,1060510,土地0建物1車位0,五層,5,公寓(5樓含以下無電梯),工業用,鋼筋混凝土造,,112.48,0,0,0,無,無,無,17000,151,,0.0,0,僅供辦公/行政使用,RPPOMLNJOHMFFDA87CC
南港區,建物,臺北市南港區重陽路511~540號,0.0,其他,,,1060508,土地0建物1車位0,三層,5,公寓(5樓含以下無電梯),工業用,鋼筋混凝土造,,190.64,5,2,3,有,有,有,37000,194,,0.0,0,,RPQOMLNJOHMFFDA97CC
大同區,建物,臺北市大同區市民大道一段181~210號,0.0,其他,,,1060515,土地0建物1車位0,六層,18,住宅大樓(11層含以上有電梯),住家用,見其他登記事項,0980724,106.28,2,2,2,有,有,有,65000,612,,0.0,0,,RPVNMLNJOHMFFBA18CC
大安區,建物,臺北市大安區信義路二段211~240號,0.0,住,,,1060501,土地0建物1車位0,十二層,14,住宅大樓(11層含以上有電梯),住家用,鋼筋混凝土造,0670824,128.05,0,0,0,無,有,無,46000,359,,0.0,0,,RPQNMLNJOHMFFFA08CC
大安區,建物,臺北市大安區敦化南路二段241~270號,0.0,住,,,1060501,土地0建物1車位0,九層,17,住宅大樓(11層含以上有電梯),住家用,鋼筋混凝土造,,68.47,0,0,0,無,有,無,32000,467,,0.0,0,,RPRNMLNJOHMFFFA18CC
大安區,建物,臺北市大安區復興南路二段90巷1~30號,0.0,住,,,1060501,土地0建物1車位0,六層,12,套房(1房1廳1衛),住家用,鋼筋混凝土造,0970125,45.89,1,1,1,有,有,無,25000,545,,0.0,0,,RPVNMLNJOHMFFFA58CC
大安區,建物,臺北市大安區大安路一段96巷1~30號,0.0,住,,,1060501,土地0建物1車位0,四層,8,華廈(10層含以下有電梯),住家用,鋼筋混凝土造,0940420,194.9,3,2,2,有,有,有,58000,298,,0.0,0,,RPXNMLNJOHMFFFA78CC
大安區,建物,臺北市大安區忠孝東路四段26巷1~30號,0.0,商,,,1060501,土地0建物1車位0,六層,7,華廈(10層含以下有電梯),住家用,鋼筋混凝土造,0720726,99.35,3,2,1,有,無,有,43000,433,,0.0,0,,RPVNMLPJOHMFFFA88DC
松山區,建物,臺北市松山區敦化北路222巷31~60號,0.0,住,,,1060515,土地0建物0車位0,五層,5,公寓(5樓含以下無電梯),住家用,鋼筋混凝土造,0680103,31.66,4,4,4,有,無,有,16000,505,,0.0,0,,RPQNMLPJOHMFFDA08CC
松山區,建物,臺北市松山區南京東路五段250巷18弄1~30號,0.0,住,,,1060503,土地0建物1車位0,一層,6,公寓(5樓含以下無電梯),住家用,鋼筋混凝土造,0630520,57.69,0,0,1,有,無,無,26000,451,,0.0,0,,RPSNMLPJOHMFFDA28CC
信義區,建物,臺北市信義區松山路541~570號,0.0,住,,,1060502,土地0建物0車位0,一層,7,華廈(10層含以下有電梯),住商用,鋼筋混凝土造,0780714,99.36999999999999,0,2,1,有,無,無,65000,654,,0.0,0,,RPXNMLPJOHMFFDA78CC
松山區,建物,臺北市松山區敦化北路222巷1~30號,0.0,住,,,1060503,土地0建物1車位0,一層,7,華廈(10層含以下有電梯),住家用,鋼筋混凝土造,0720819,267.71,0,0,0,無,無,無,105000,392,,0.0,0,1+2+B1共三層,RPTOMLPJOHMFFDA48CC
內湖區,建物,臺北市內湖區港華街121~150號,0.0,住,,,1060516,土地0建物1車位1,十一層,13,住宅大樓(11層含以上有電梯),住家用,鋼筋混凝土造,0971119,119.48,3,2,2,有,有,有,40000,335,坡道平面,0.0,0,,RPRNMLPJOHMFFCA08CC
中山區,建物,臺北市中山區中山北路二段77巷1~30號,0.0,商,,,1060516,土地0建物1車位0,四層,12,住宅大樓(11層含以上有電梯),住家用,鋼筋混凝土造,0981027,132.32,2,2,1,有,有,有,41400,313,,0.0,0,,RPQOMLPJOHMFFCA08CC
中山區,建物,臺北市中山區中山北路二段59巷31~60號,0.0,商,,,1060508,土地0建物1車位0,十三層,16,住宅大樓(11層含以上有電梯),住家用,鋼筋混凝土造,0880928,48.13,1,1,1,有,有,有,22222,462,,0.0,0,,RPVOMLPJOHMFFCA58CC
中山區,建物,臺北市中山區中山北路二段121巷31~60號,0.0,商,,,1060508,土地0建物1車位0,四層,14,住宅大樓(11層含以上有電梯),住家用,鋼筋混凝土造,1000128,94.55,1,1,1,有,有,有,40000,423,,0.0,0,含管理費,RPWOMLPJOHMFFCA68CC
內湖區,建物,臺北市內湖區瑞光路513巷22弄1~30號,0.0,工,,,1060508,土地0建物2車位6,一層,8,店面(店鋪),工業用,鋼筋混凝土造,0871111,1024.85,1,1,0,有,有,無,500000,488,坡道平面,216.72,0,,RPXOMLPJOHMFFCA78CC
內湖區,房地(土地+建物),臺北市內湖區內湖路一段285巷69弄1~30號,11.09,住,,,1060503,土地2建物1車位0,三層,7,華廈(10層含以下有電梯),住家用,鋼筋混凝土造,0701230,65.98,1,1,1,有,有,有,15000,227,,0.0,0,分租套房:承租建物的1/2,RPWNMLQJOHMFFCA68CC
內湖區,車位,臺北市內湖區內湖路二段331~360號,41.56,住,,,1060503,土地0建物0車位1,,,其他,,,,0.0,0,0,0,有,有,無,3800,,坡道平面,41.56,3800,,RPOOMLQJOHMFFCA97CC
內湖區,建物,臺北市內湖區成功路三段174巷31~60號,0.0,住,,,1060507,土地0建物1車位1,一層,12,住宅大樓(11層含以上有電梯),見其他登記事項,鋼筋混凝土造,1031023,72.24000000000001,0,0,0,無,有,有,40000,554,坡道平面,41.54,0,,RPROMLQJOHMFFCA28CC
內湖區,建物,臺北市內湖區成功路二段391~420號,0.0,住,,,1060508,土地0建物1車位0,三層,5,公寓(5樓含以下無電梯),住家用,鋼筋混凝土造,,93.17,3,2,2,有,無,有,22000,236,,0.0,0,,RPTOMLQJOHMFFCA48CC
中山區,建物,臺北市中山區林森北路571~600號,0.0,商,,,1060516,土地0建物1車位1,五層,11,辦公商業大樓,商業用,鋼筋混凝土造,0910909,247.93,2,0,0,有,有,無,132000,532,坡道機械,0.0,0,,RPWOMLQJOHMFFCA78CC
內湖區,建物,臺北市內湖區民權東路六段280巷1~30號,0.0,住,,,1060510,土地0建物1車位0,地下一層,9,華廈(10層含以下有電梯),商業用,鋼筋混凝土造,0860812,36.63,1,1,2,有,有,有,18000,491,,0.0,0,,RPXOMLQJOHMFFCA88CC
中山區,房地(土地+建物),臺北市中山區南京東路三段211~240號,559.0,商,,,1060511,土地2建物1車位0,六層,11,辦公商業大樓,商業用,鋼筋混凝土造,0621105,398.17,0,0,0,無,無,有,151200,380,,0.0,0,,RPWQMLQJOHMFFCA98CC
中山區,建物,臺北市中山區南京東路二段121~150號,0.0,商,,,1050526,土地0建物2車位0,十二層,12,辦公商業大樓,商業用,鋼筋混凝土造,0670131,316.01,0,0,0,無,有,無,124000,392,,0.0,0,租金含10%租賃稅、1.91%二代健保補充保費,RPXQMLQJOHMFFCA09CC
內湖區,建物,臺北市內湖區民權東路六段123巷1~30號,0.0,商,,,1060508,土地0建物1車位0,六層,10,華廈(10層含以下有電梯),商業用,鋼筋混凝土造,0880717,48.519999999999996,0,1,1,有,有,無,17000,350,,0.0,0,,RPORMLQJOHMFFCA28CC
內湖區,建物,臺北市內湖區民權東路六段121~150號,0.0,商,,,1060512,土地0建物1車位0,七層,12,住宅大樓(11層含以上有電梯),住家用,鋼筋混凝土造,0960621,53.9,0,1,1,有,有,有,18000,334,,0.0,0,,RPQRMLQJOHMFFCA48CC
內湖區,建物,臺北市內湖區民權東路六段123巷1~30號,0.0,商,,,1060515,土地0建物1車位0,五層,14,辦公商業大樓,商業用,鋼筋混凝土造,0890106,101.71,2,0,0,有,有,有,32000,315,,0.0,0,,RPRRMLQJOHMFFCA58CC
內湖區,建物,臺北市內湖區民權東路六段121~150號,0.0,住,,,1060428,土地0建物1車位1,一層,10,店面(店鋪),見其他登記事項,鋼筋混凝土造,0981126,114.03999999999999,0,0,1,有,有,無,50000,438,坡道平面,35.83,0,,RPWRMLQJOHMFFCA09CC
信義區,房地(土地+建物),臺北市信義區永吉路421~450號,61.0,住,,,1060516,土地1建物1車位0,全,3,透天厝,住家用,鋼筋混凝土造,0520612,133.2,0,0,0,無,無,無,40000,300,,0.0,0,,RPQOMLQJOHMFFDA28CC
大安區,建物,臺北市大安區東豐街31~60號,0.0,住,,,1060501,土地0建物1車位0,一層,4,店面(店鋪),,加強磚造,,102.78,0,0,0,無,無,有,164604,1602,,0.0,0,,RPSNMLQJOHMFFFA58CC
大安區,建物,臺北市大安區仁愛路四段408巷1~30號,0.0,商,,,1060401,土地0建物2車位0,四層,9,華廈(10層含以下有電梯),住家用,鋼筋混凝土造,0970701,147.71,2,2,2,有,有,有,69600,471,,0.0,0,,RPUNMLQJOHMFFFA78CC
大安區,建物,臺北市大安區仁愛路四段61~90號,0.0,其他,,,1060501,土地0建物2車位0,六層,14,其他,商業用,鋼筋混凝土造,,438.44,0,0,0,無,有,無,210000,479,,0.0,0,有2個月裝潢期免租金,RPOOMLQJOHMFFFA28CC
北投區,房地(土地+建物)+車位,臺北市北投區石牌路二段315巷34弄1~30號,47.29,住,,,1060501,土地1建物1車位1,五層,14,住宅大樓(11層含以上有電梯),住家用,鋼筋混凝土造,1040804,150.25,3,2,2,有,無,無,45000,300,坡道平面,37.45,0,,RPOPMLQJOHMFFEA28CC
大安區,建物,臺北市大安區復興南路一段121~150號,0.0,住,,,1060501,土地0建物1車位0,五層,12,住宅大樓(11層含以上有電梯),見使用執照,鋼筋混凝土造,0701231,95.53,0,0,0,無,有,無,28000,293,,0.0,0,,RPWNMLRJOHMFFFA09CC
信義區,房地(土地+建物),臺北市信義區莊敬路391~420號,444.0,其他,,,1060515,土地1建物1車位0,一層,7,店面(店鋪),商業用,鋼筋混凝土造,0720908,49.0,0,0,0,無,有,無,53000,1082,,0.0,0,部分租賃,RPXNMLRJOHMFFDA09DC
松山區,建物,臺北市松山區南京東路三段256巷31~60號,181.0,,,,1060511,土地0建物1車位0,三層,5,公寓(5樓含以下無電梯),住家用,加強磚造,0580930,94.61,3,2,1,有,無,無,26000,275,,0.0,0,,RPPNMLRJOHMFFDA18CC
信義區,建物,臺北市信義區永吉路30巷28弄1~30號,0.0,住,,,1060516,土地0建物1車位0,三層,4,公寓(5樓含以下無電梯),住家用,鋼筋混凝土造,0830715,105.45,3,2,1,有,無,有,27000,256,,0.0,0,租金含稅價,RPSNMLRJOHMFFDA48CC
信義區,建物,臺北市信義區松山路391~420號,0.0,商,,,1060514,土地0建物1車位0,三層,4,公寓(5樓含以下無電梯),住家用,鋼筋混凝土造,0610815,94.78,3,2,2,有,無,無,27000,285,,0.0,0,,RPVNMLRJOHMFFDA78CC
松山區,建物,臺北市松山區復興北路91~120號,0.0,商,,,1060512,土地0建物1車位0,八層,15,辦公商業大樓,商業用,鋼筋混凝土造,0750106,53.39,1,1,0,有,有,有,35000,656,,0.0,0,,RPPOMLRJOHMFFDA28CC
信義區,建物,臺北市信義區忠孝東路五段481~510號,0.0,住,,,1060510,土地0建物1車位0,十六層,28,辦公商業大樓,商業用,鋼骨混凝土造,0820813,202.47000000000003,3,2,2,有,有,有,95000,469,坡道平面,0.0,0,,RPROMLRJOHMFFDA48CC
大同區,建物,臺北市大同區長安西路1~30號,0.0,商,,,1060513,土地0建物1車位0,二層,8,華廈(10層含以下有電梯),住家用,鋼筋混凝土造,0610815,147.16,4,2,2,有,有,無,36000,245,,0.0,0,,RPXNMLRJOHMFFBA78CC
內湖區,建物,臺北市內湖區民權東路六段180巷1~30號,0.0,商,,,1060509,土地0建物1車位0,五層,12,辦公商業大樓,商業用,鋼筋混凝土造,0881102,193.76999999999998,0,0,0,無,有,無,50000,258,,0.0,0,,RPTNMLRJOHMFFCA48CC
內湖區,建物,臺北市內湖區內湖路一段91巷31~60號,0.0,工,,,1050524,土地0建物0車位0,二層,4,公寓(5樓含以下無電梯),工業用,鋼筋混凝土造,0690502,149.96,1,1,1,有,無,有,11000,73,,0.0,0,,RPVOMLRJOHMFFCA78CC
中山區,建物,臺北市中山區松江路181~210號,0.0,商,,,1060515,土地0建物1車位0,三層,14,辦公商業大樓,商業用,鋼筋混凝土造,0661222,54.84,0,0,0,無,有,無,20000,365,,0.0,0,,RPQPMLRJOHMFFCA38CC
內湖區,建物,臺北市內湖區新豐街151~180號,0.0,住,,,1060516,土地0建物1車位1,二層,14,住宅大樓(11層含以上有電梯),住家用,鋼筋混凝土造,0991130,227.49,3,2,2,有,有,有,68000,299,坡道平面,39.27,0,,RPSPMLRJOHMFFCA58CC
內湖區,房地(土地+建物)+車位,臺北市內湖區瑞光路358巷30弄1~30號,383.47,工,,,1060516,土地1建物1車位20,七層,11,辦公商業大樓,見其他登記事項,見其他登記事項,0940607,383.47,1,0,0,有,有,無,224300,585,坡道平面,0.0,73500,,RPVPMLRJOHMFFCA88CC
內湖區,房地(土地+建物)+車位,臺北市內湖區星雲街121~150號,18.77,住,,,1060511,土地1建物1車位1,六層,14,住宅大樓(11層含以上有電梯),住家用,鋼筋混凝土造,0931222,158.32999999999998,3,2,2,有,有,有,54000,341,坡道平面,28.03,0,,RPQOMLSJOHMFFCA38CC
內湖區,建物,臺北市內湖區成功路三段151~180號,0.0,商,,,1060511,土地0建物1車位0,一層,7,店面(店鋪),商業用,鋼筋混凝土造,0711202,69.35,0,0,0,無,有,無,85000,1226,,0.0,0,,RPWOMLSJOHMFFCA98CC
大同區,建物,臺北市大同區市民大道一段181~210號,0.0,其他,,,1060515,土地0建物1車位0,十五層,18,住宅大樓(11層含以上有電梯),住家用,見其他登記事項,0980724,91.13,2,2,1,有,有,有,53000,582,,0.0,0,含管理費,RPPNMLSJOHMFFBA08CC
大安區,建物,臺北市大安區信義路三段181~210號,0.0,商,,,1060501,土地0建物1車位0,一層,12,店面(店鋪),商業用,鋼筋混凝土造,0710519,84.05,0,0,0,無,有,無,100000,1190,,0.0,0,,RPXNMLSJOHMFFFA66CC
大安區,建物,臺北市大安區信義路三段181~210號,0.0,商,,,1060501,土地0建物1車位0,二層,12,住宅大樓(11層含以上有電梯),商業用,鋼筋混凝土造,0710519,164.95999999999998,0,0,0,無,有,無,85000,515,,0.0,0,,RPOOMLSJOHMFFFA48CC
大安區,建物,臺北市大安區大安區通化街162巷1~30號,0.0,住,,,1060401,土地0建物1車位0,一層,5,公寓(5樓含以下無電梯),住商用,鋼筋混凝土造,,199.43,0,0,0,無,無,無,68112,342,,0.0,0,,RPPOMLSJOHMFFFA58CC
士林區,建物,臺北市士林區忠誠路一段151~180號,0.0,住,,,1060501,土地0建物1車位0,三層,7,華廈(10層含以下有電梯),住家用,鋼筋混凝土造,0730218,154.81,0,0,0,無,無,有,48000,310,,0.0,0,,RPWNMLSJOHMFFEA09CC
北投區,建物,臺北市北投區裕民二路61~90號,0.0,商,,,1040501,土地0建物1車位0,五層,19,住宅大樓(11層含以上有電梯),見其他登記事項,鋼筋混凝土造,1021108,207.61,3,2,2,有,有,有,82000,395,,0.0,0,,RPSOMLTJOHMFFEA88CC
士林區,建物,臺北市士林區德行東路190巷6弄1~30號,0.0,,,,1060501,土地0建物1車位0,二層,4,公寓(5樓含以下無電梯),住家用,鋼筋混凝土造,0670404,96.89,3,2,1,有,無,有,22000,227,,0.0,0,,RPUOMLTJOHMFFEA09CC
信義區,建物,臺北市信義區忠孝東路五段661~690號,0.0,商,,,1060515,土地0建物1車位0,八層,10,辦公商業大樓,商業用,鋼筋混凝土造,0811006,148.76,0,0,0,無,有,無,52000,350,,0.0,0,分割45坪,RPQPMLTJOHMFFDA78DC
萬華區,建物,臺北市萬華區昆明街181~210號,0.0,商,,,1060513,土地0建物1車位0,一層,9,店面(店鋪),商業用,鋼筋混凝土造,0740419,74.41,1,1,1,有,有,無,50000,672,,0.0,0,,RPPNMLTJOHMFFBA18CC
松山區,建物,臺北市松山區敦化北路151~180號,0.0,其他,,,1060511,土地0建物1車位0,三層,12,辦公商業大樓,住家用,鋼筋混凝土造,0590627,207.24,4,0,2,有,有,有,78000,376,,0.0,0,,RPVPMLTJOHMFFDA56CC
北投區,建物,臺北市北投區崇仰六路1~30號,0.0,住,,,1060301,土地0建物1車位1,全,2,透天厝,住家用,加強磚造,0550601,232.62,4,2,3,有,無,有,50000,215,一樓平面,0.0,0,,RPPNMLKKOHMFFEA67CC
大安區,建物,臺北市大安區羅斯福路二段77巷1~30號,0.0,住,,,1060501,土地0建物1車位0,三層,4,公寓(5樓含以下無電梯),住家用,鋼筋混凝土造,0600727,58.66,3,2,1,有,無,有,28000,477,,0.0,0,,RPROMLMKOHMFFFA28CC
松山區,建物,臺北市松山區敦化南路一段1~30號,0.0,其他,,,1060508,土地0建物1車位2,四層,12,辦公商業大樓,商業用,鋼筋混凝土造,0721209,932.4300000000001,9,2,2,有,有,有,380000,408,坡道機械,0.0,14000,,RPVNMLMKOHMFFDA38CC
松山區,建物,臺北市松山區南京東路四段133巷4弄1~30號,0.0,住,,,1060507,土地0建物1車位0,三層,4,公寓(5樓含以下無電梯),,鋼筋混凝土造,,81.98,2,2,1,有,無,無,23500,287,,0.0,0,,RPROMLMKOHMFFDA08CC
中山區,建物,臺北市中山區松江路211~240號,0.0,其他,,,1060516,土地0建物1車位2,八層,18,辦公商業大樓,見其他登記事項,鋼骨鋼筋混凝土造,1030703,1856.2599999999998,0,0,0,無,有,無,1403800,756,坡道平面,0.0,0,,RPVPMLMKOHMFFCA48CC
內湖區,房地(土地+建物),臺北市內湖區內湖路一段301~330號,435.27,工,,,1060515,土地1建物1車位0,二層,13,辦公商業大樓,見使用執照,見使用執照,0910520,435.27,1,0,0,有,有,無,172800,397,,0.0,0,,RPRQMLNKOHMFFCA28CC
大同區,建物,臺北市大同區民族西路31~60號,0.0,商,,,1060516,土地0建物1車位0,全,3,透天厝,,加強磚造,,161.12,3,2,4,有,無,無,52800,328,,0.0,0,,RPRPMLNKOHMFFBA18DC
士林區,建物,臺北市士林區福國路31~60號,0.0,住,,,1060501,土地0建物1車位0,一層,4,公寓(5樓含以下無電梯),工業用,鋼筋混凝土造,0680502,87.81,0,0,0,無,無,無,66000,752,,0.0,0,,RPTNMLOKOHMFFEA48CC
中正區,建物,臺北市中正區仁愛路二段61~90號,0.0,住,,,1060515,土地0建物1車位2,五層,14,住宅大樓(11層含以上有電梯),住家用,鋼筋混凝土造,0970227,517.61,4,2,3,有,無,有,250000,483,坡道平面,88.36,0,,RPUPMLOKOHMFFBA48CC
