s腹,ga跋q旄m,ga簿锣笨nキよそへ,ㄏノだ跋┪sw
RPXQMLTJKILFFAO57CC,_q,.00,常カGu
RPTOMLOKKILFFAO56CC,くRq,.00,常カGu
RPOOMLOLKILFFAO78CC,R堕q,.00,D常カGsYaO|跋 ; D常カswG贺乜vノa
RPXNMLQLKILFFAO17CC,歆蕃q,.00,常カGㄤL
RPQPMLTJJHMFFAO66CC,s砍q,.00,常カG
RPRPMLTJJHMFFAO76CC,匪爵q,.00,D常カGm跋 ; D常カswGA贺乜vノa
RPUOMLLKJHMFFAO88CC,チIq,.00,常カG
RPUOMLMKJHMFFAO98CC,瑾q@pq,61.00,常カG
RPPNMLSKKHMFFAO66EC,λ浆q,82.00,常カG坝
RPXNMLQJMHMFFAO17CC,ENq,.00,常カG
RPSPMLQJMHMFFAO86CC,い砍q,520.00,常カGu
RPSPMLQJMHMFFAO86CC,い砍q,312.00,常カGu
RPSPMLQJMHMFFAO86CC,い砍q,611.00,常カGu
RPTOMLMKMHMFFAO56CC,瑾qTpq,30.00,常カG
RPPOMLLJNHMFFAO68CC,ndq,.00,常カG
RPQOMLMJNHMFFAO98DC,チIq,.00,常カG坝
RPTNMLNJNHMFFAO56CC,Zq,.00,常カG
RPTNMLOJNHMFFAO66CC,aqGpq,.00,常カG坝
RPSOMLOJNHMFFAO66CC,s砍q,.00,常カG
RPVOMLOJNHMFFAO96CC,nq@pq,.00,常カG坝
RPVOMLOJNHMFFAO96CC,nq@pq,.00,常カG坝
RPVOMLOJNHMFFAO96CC,nq@pq,.00,常カG坝
RPWOMLOJNHMFFAO07CC,いァq,.00,常カG
RPXOMLOJNHMFFAO17CC,ENq,.00,常カG坝
RPPPMLOJNHMFFAO09CC,_q,.00,常カG坝
RPQPMLOJNHMFFAO56CC,Mキq,.00,常カG
RPRPMLOJNHMFFAO66CC,Θwq,.00,常カG
RPSPMLOJNHMFFAO76CC,ENq,.00,常カG坝
RPTPMLOJNHMFFAO86CC,[lq,.00,常カG
RPTPMLOJNHMFFAO86CC,[lq,.00,常カG
RPTNMLTJNHMFFAO17CC,aq@pq,.00,常カG坝
RPVNMLTJNHMFFAO37CC,nqTpq,.00,常カG坝
RPVNMLTJNHMFFAO37CC,nqTpq,.00,常カG坝
RPPOMLTJNHMFFAO86CC,地q,.00,常カG
RPSNMLKKNHMFFAO88CC,_q,.00,常カG
RPWNMLKKNHMFFAO66CC,λ浆q,.00,常カG坝
RPROMLKKNHMFFAO88CC,ざ关q,74.13,常カG
RPROMLKKNHMFFAO88CC,ざ关q,19.84,常カGㄤL
RPOPMLKKNHMFFAO68CC,地q,33.43,常カG
RPVNMLLKNHMFFAO66CC,い懂q,.00,常カG
RPVNMLLKNHMFFAO66CC,い懂q,.00,常カG
RPOOMLLKNHMFFAO68CC,地q,.00,常カG
RPSOMLLKNHMFFAO09CC,地q,.00,常カG坝
RPXOMLLKNHMFFAO96CC,d袁q,.00,常カG
RPSOMLMKNHMFFAO56CC,FsqGpq,.00,常カG
RPSOMLMKNHMFFAO56CC,FsqGpq,.00,常カGㄤL
RPUOMLMKNHMFFAO76CC,ndq,.00,常カGA
RPUOMLMKNHMFFAO76CC,ndq,.00,常カG
